Locus,Sinorhizobium_meliloti_Rm1021,pSymAB
SMc02793,SMc02793,noHit
SMc02792,SMc02792,noHit
SMc02791,SMc02791,SM_b20037
SMc02790,SMc02790,noHit
SMc02789,SMc02789,noHit
SMc02788,SMc02788,noHit
SMc02787,SMc02787,noHit
SMc02786,SMc02786,noHit
SMc02785,SMc02785,noHit
SMc02784,SMc02784,noHit
SMc02783,SMc02783,noHit
SMc02782,SMc02782,noHit
SMc02781,SMc02781,noHit
SMc02780,SMc02780,SMa0805
SMc02779,SMc02779,SM_b20777
SMc02778,SMc02778,noHit
SMc02777,SMc02777,noHit
SMc02776,SMc02776,noHit
SMc02775,SMc02775,SMa1403
SMc02774,SMc02774,noHit
SMc02773,SMc02773,noHit
SMc02772,SMc02772,noHit
SMc02771,SMc02771,noHit
SMc02770,SMc02770,noHit
SMc02769,SMc02769,noHit
SMc02768,SMc02768,noHit
SMc02767,SMc02767,noHit
SMc02766,SMc02766,noHit
SMc02765,SMc02765,noHit
SMc02764,SMc02764,noHit
SMc02763,SMc02763,noHit
SMc02762,SMc02762,SM_b20766
SMc02761,SMc02761,noHit
SMc02760,SMc02760,noHit
SMc02759,SMc02759,noHit
SMc02758,SMc02758,noHit
SMc02757,SMc02757,noHit
SMc02756,SMc02756,noHit
SMc02755,SMc02755,noHit
SMc02754,SMc02754,noHit
SMc02753,SMc02753,noHit
SMc02752,SMc02752,noHit
SMc04446,SMc04446,noHit
SMc02560,SMc02560,noHit
SMc02562,SMc02562,noHit
SMc02563,SMc02563,noHit
SMc02564,SMc02564,noHit
SMc02566,SMc02566,noHit
SMc02567,SMc02567,noHit
SMc02568,SMc02568,noHit
SMc02569,SMc02569,noHit
SMc02570,SMc02570,noHit
SMc02572,SMc02572,noHit
SMc02573,SMc02573,noHit
SMc02574,SMc02574,noHit
SMc02575,SMc02575,noHit
SMc02576,SMc02576,noHit
SMc02577,SMc02577,noHit
SMc02578,SMc02578,noHit
SMc02579,SMc02579,noHit
SMc02580,SMc02580,noHit
SMc02581,SMc02581,noHit
SMc02582,SMc02582,noHit
SMc02583,SMc02583,noHit
SMc02584,SMc02584,noHit
SMc02585,SMc02585,noHit
SMc02586,SMc02586,noHit
SMc02587,SMc02587,noHit
SMc02588,SMc02588,noHit
SMc02589,SMc02589,noHit
SMc02590,SMc02590,noHit
SMc02591,SMc02591,noHit
SMc02592,SMc02592,noHit
SMc02593,SMc02593,noHit
SMc02594,SMc02594,noHit
SMc02595,SMc02595,noHit
SMc02596,SMc02596,noHit
SMc04463,SMc04463,noHit
SMc02600,SMc02600,noHit
SMc02602,SMc02602,noHit
SMc02604,SMc02604,noHit
SMc02605,SMc02605,noHit
SMc02606,SMc02606,noHit
SMc02607,SMc02607,noHit
SMc02608,SMc02608,noHit
SMc02609,SMc02609,noHit
SMc02610,SMc02610,noHit
SMc02611,SMc02611,noHit
SMc02612,SMc02612,noHit
SMc02613,SMc02613,noHit
SMc02614,SMc02614,noHit
SMc02615,SMc02615,noHit
SMc02616,SMc02616,noHit
SMc02617,SMc02617,noHit
SMc02618,SMc02618,noHit
SMc02619,SMc02619,noHit
SMc02620,SMc02620,noHit
SMc04154,SMc04154,SMa2141
SMc04153,SMc04153,noHit
SMc04152,SMc04152,noHit
SMc04151,SMc04151,noHit
SMc04150,SMc04150,noHit
SMc04149,SMc04149,noHit
SMc04148,SMc04148,noHit
SMc04147,SMc04147,noHit
SMc04146,SMc04146,SMa1084
SMc04145,SMc04145,SMa0715
SMc04144,SMc04144,SM_b20115
SMc04143,SMc04143,SM_b20106
SMc04142,SMc04142,noHit
SMc04141,SMc04141,noHit
SMc04140,SMc04140,SM_b21605
SMc04139,SMc04139,noHit
SMc04138,SMc04138,noHit
SMc04137,SMc04137,SM_b20969
SMc04136,SMc04136,SM_b20970
SMc04135,SMc04135,SM_b20538
SMc04134,SMc04134,SMa1428
SMc04133,SMc04133,noHit
SMc04132,SMc04132,SMa1397
SMc04131,SMc04131,noHit
SMc04130,SMc04130,SMa1394
SMc04129,SMc04129,noHit
SMc04128,SMc04128,SMa1087
SMc04127,SMc04127,SM_b20124
SMc04126,SMc04126,noHit
SMc04125,SMc04125,SM_b20125
SMc04124,SMc04124,noHit
SMc04123,SMc04123,noHit
SMc04122,SMc04122,noHit
SMc04121,SMc04121,noHit
SMc04120,SMc04120,noHit
SMc04119,SMc04119,noHit
SMc04118,SMc04118,noHit
SMc04117,SMc04117,noHit
SMc04116,noHit,noHit
SMc04115,SMc04115,noHit
SMc04114,SMc04114,SMa1570
SMc04113,SMc04113,SMa1578
SMc04112,SMc04112,SMa1576
SMc04111,SMc04111,SMa0163
SMc04110,SMc04110,noHit
SMc04109,SMc04109,SMa1573
SMc02820,SMc02820,SMa1568
SMc02821,SMc02821,SMa1564
SMc02822,SMc02822,SMa1562
SMc02823,noHit,noHit
SMc02824,SMc02824,noHit
SMc02825,SMc02825,noHit
SMc02826,SMc02826,noHit
SMc02827,SMc02827,noHit
SMc02828,SMc02828,SMa1838
SMc02829,SMc02829,SM_b21199
SMc02830,SMc02830,noHit
SMc02831,SMc02831,noHit
SMc02832,SMc02832,noHit
SMc02833,SMc02833,noHit
SMc02834,SMc02834,noHit
SMc02835,SMc02835,noHit
SMc02836,SMc02836,SM_b20813
SMc02837,SMc02837,noHit
SMc02838,SMc02838,noHit
SMc02937,SMc02937,noHit
SMc02839,SMc02839,SMa0384
SMc02840,SMc02840,noHit
SMc02841,SMc02841,noHit
SMc02842,SMc02842,noHit
SMc02843,SMc02843,noHit
SMc02844,SMc02844,noHit
SMc02845,SMc02845,noHit
SMc02846,SMc02846,noHit
SMc02847,SMc02847,noHit
SMc02848,SMc02848,noHit
SMc02849,SMc02849,noHit
SMc02850,SMc02850,noHit
SMc02851,SMc02851,noHit
SMc02852,SMc02852,noHit
SMc02853,SMc02853,noHit
SMc02854,SMc02854,noHit
SMc02855,SMc02855,SM_b20705
SMc02856,SMc02856,SMa1905
SMc02857,SMc02857,noHit
SMc02858,SMc02858,SMa0116
SMc02859,SMc02859,noHit
SMc02860,SMc02860,SMa0407
SMc02861,SMc02861,noHit
SMc02862,SMc02862,noHit
SMc02863,SMc02863,noHit
SMc02864,SMc02864,noHit
SMc02865,SMc02865,noHit
SMc02866,SMc02866,noHit
SMc02867,SMc02867,noHit
SMc02868,SMc02868,SM_b21497
SMc02869,SMc02869,SM_b20328
SMc02870,SMc02870,noHit
SMc02871,SMc02871,noHit
SMc02872,SMc02872,noHit
SMc02873,SMc02873,noHit
SMc02874,SMc02874,noHit
SMc02875,SMc02875,noHit
SMc02876,SMc02876,noHit
SMc02877,SMc02877,noHit
SMc02878,SMc02878,noHit
SMc02879,SMc02879,noHit
SMc02880,SMc02880,noHit
SMc02881,SMc02881,noHit
SMc02882,SMc02882,noHit
SMc02883,SMc02883,noHit
SMc02884,SMc02884,noHit
SMc02885,SMc02885,SMa1896
SMc02886,SMc02886,noHit
SMc02887,SMc02887,noHit
SMc02888,SMc02888,noHit
SMc02889,SMc02889,SMa2337
SMc02890,SMc02890,noHit
SMc02891,SMc02891,noHit
SMc02892,SMc02892,noHit
SMc02893,SMc02893,SMa0849
SMc02894,SMc02894,noHit
SMc02895,SMc02895,noHit
SMc02896,SMc02896,noHit
SMc02897,SMc02897,noHit
SMc02898,SMc02898,noHit
SMc02899,SMc02899,noHit
SMc02900,SMc02900,noHit
SMc02901,SMc02901,noHit
SMc02902,SMc02902,noHit
SMc02903,SMc02903,noHit
SMc02904,SMc02904,noHit
SMc02905,SMc02905,noHit
SMc02906,SMc02906,noHit
SMc02907,SMc02907,noHit
SMc02908,SMc02908,noHit
SMc02909,SMc02909,noHit
SMc02910,SMc02910,SMa1814
SMc02911,SMc02911,noHit
SMc02912,SMc02912,noHit
SMc02913,SMc02913,noHit
SMc02914,SMc02914,noHit
SMc00320,SMc00320,noHit
SMc00321,SMc00321,noHit
SMc00322,SMc00322,noHit
SMc00323,SMc00323,noHit
SMc00324,SMc00324,noHit
SMc00325,SMc00325,noHit
SMc00326,SMc00326,noHit
SMc00327,SMc00327,noHit
SMc00328,SMc00328,noHit
SMc00329,SMc00329,noHit
SMc00330,SMc00330,noHit
SMc00331,SMc00331,noHit
SMc00332,SMc00332,noHit
SMc00333,SMc00333,noHit
SMc00334,SMc00334,noHit
SMc00335,SMc00335,noHit
SMc00336,SMc00336,noHit
SMc00337,SMc00337,noHit
SMc00338,SMc00338,noHit
SMc00339,SMc00339,noHit
SMc00340,SMc00340,noHit
SMc00341,SMc00341,noHit
SMc00342,SMc00342,noHit
SMc00343,SMc00343,SM_b20905
SMc00344,SMc00344,noHit
SMc00345,SMc00345,noHit
SMc00346,SMc00346,noHit
SMc00347,SMc00347,SMa0229
SMc00348,SMc00348,noHit
SMc00349,SMc00349,noHit
SMc00350,SMc00350,noHit
SMc00351,SMc00351,noHit
SMc00352,SMc00352,noHit
SMc00353,SMc00353,noHit
SMc00354,SMc00354,noHit
SMc00355,SMc00355,noHit
SMc00356,SMc00356,noHit
SMc00357,SMc00357,noHit
SMc00358,SMc00358,noHit
SMc00359,SMc00359,noHit
SMc00360,SMc00360,noHit
SMc00361,SMc00361,noHit
SMc00362,SMc00362,noHit
SMc00363,SMc00363,noHit
SMc00364,SMc00364,noHit
SMc00365,SMc00365,noHit
SMc00366,SMc00366,noHit
SMc00367,SMc00367,noHit
SMc00368,SMc00368,SMa0563
SMc00369,SMc00369,noHit
SMc00370,SMc00370,SMa1493
SMc00371,SMc00371,noHit
SMc00372,SMc00372,noHit
SMc00373,SMc00373,noHit
SMc00374,SMc00374,noHit
SMc00375,SMc00375,noHit
SMc00376,SMc00376,noHit
SMc00377,SMc00377,noHit
SMc00378,SMc00378,noHit
SMc00379,SMc00379,noHit
SMc00380,SMc00380,noHit
SMc00381,SMc00381,noHit
SMc00382,SMc00382,noHit
SMc00383,SMc00383,noHit
SMc00384,SMc00384,noHit
SMc00385,SMc00385,noHit
SMc00386,SMc00386,noHit
SMc00387,SMc00387,noHit
SMc00388,SMc00388,noHit
SMc00389,SMc00389,noHit
SMc00390,SMc00390,noHit
SMc00391,SMc00391,noHit
SMc00392,SMc00392,noHit
SMc00393,SMc00393,noHit
SMc00394,SMc00394,noHit
SMc00395,SMc00395,noHit
SMc00396,SMc00396,noHit
SMc00397,SMc00397,noHit
SMc00460,SMc00460,noHit
SMc00399,SMc00399,noHit
SMc00400,SMc00400,noHit
SMc00401,SMc00401,noHit
SMc00402,SMc00402,noHit
SMc00403,SMc00403,noHit
SMc00404,SMc00404,noHit
SMc00405,SMc00405,noHit
SMc00406,SMc00406,noHit
SMc00407,SMc00407,noHit
SMc00408,SMc00408,noHit
SMc00409,SMc00409,noHit
SMc00410,SMc00410,noHit
SMc00411,SMc00411,SMa0323
SMc00412,SMc00412,noHit
SMc00413,SMc00413,noHit
SMc00414,SMc00414,noHit
SMc00415,SMc00415,noHit
SMc00416,SMc00416,noHit
SMc00418,SMc00418,noHit
SMc00419,SMc00419,SM_b21586
SMc00420,SMc00420,noHit
SMc00421,SMc00421,noHit
SMc00422,SMc00422,noHit
SMc00423,SMc00423,noHit
SMc00424,SMc00424,noHit
SMc00425,SMc00425,noHit
SMc00461,SMc00461,noHit
SMc00427,SMc00427,noHit
SMc00428,SMc00428,noHit
SMc00429,SMc00429,noHit
SMc00430,SMc00430,noHit
SMc00431,SMc00431,noHit
SMc00432,SMc00432,noHit
SMc00433,SMc00433,noHit
SMc01166,SMc01166,noHit
SMc01165,SMc01165,noHit
SMc01164,SMc01164,noHit
SMc01163,SMc01163,noHit
SMc01162,SMc01162,noHit
SMc01161,SMc01161,noHit
SMc01160,SMc01160,noHit
SMc01159,SMc01159,noHit
SMc01158,SMc01158,noHit
SMc01157,SMc01157,noHit
SMc01156,SMc01156,noHit
SMc01155,SMc01155,noHit
SMc01154,SMc01154,noHit
SMc01153,SMc01153,noHit
SMc01152,SMc01152,noHit
SMc01167,SMc01167,noHit
SMc01151,SMc01151,noHit
SMc01150,SMc01150,noHit
SMc01149,SMc01149,SM_b20607
SMc01148,SMc01148,noHit
SMc01147,SMc01147,noHit
SMc01146,SMc01146,noHit
SMc01145,SMc01145,noHit
SMc01144,SMc01144,noHit
SMc01143,SMc01143,noHit
SMc01142,SMc01142,noHit
SMc01141,SMc01141,noHit
SMc01140,SMc01140,noHit
SMc01139,SMc01139,noHit
SMc01138,SMc01138,noHit
SMc01137,SMc01137,noHit
SMc01136,SMc01136,noHit
SMc01135,SMc01135,noHit
SMc01134,SMc01134,noHit
SMc01133,SMc01133,noHit
SMc01132,SMc01132,noHit
SMc01131,SMc01131,noHit
SMc01130,SMc01130,noHit
SMc01129,SMc01129,noHit
SMc01128,SMc01128,noHit
SMc01127,SMc01127,noHit
SMc01126,SMc01126,noHit
SMc01125,SMc01125,noHit
SMc01124,SMc01124,noHit
SMc01123,SMc01123,noHit
SMc01122,SMc01122,noHit
SMc01121,SMc01121,noHit
SMc01120,SMc01120,noHit
SMc01119,SMc01119,noHit
SMc01118,SMc01118,noHit
SMc01117,SMc01117,noHit
SMc01116,SMc01116,noHit
SMc01115,SMc01115,noHit
SMc01114,SMc01114,noHit
SMc01113,SMc01113,noHit
SMc01112,SMc01112,noHit
SMc01111,SMc01111,noHit
SMc01110,SMc01110,SM_b21117
SMc01109,SMc01109,noHit
SMc01108,SMc01108,noHit
SMc01107,SMc01107,noHit
SMc01106,SMc01106,noHit
SMc01105,SMc01105,SM_b21277
SMc01104,SMc01104,noHit
SMc01103,SMc01103,noHit
SMc01102,SMc01102,noHit
SMc01101,SMc01101,noHit
SMc01100,SMc01100,noHit
SMc01099,SMc01099,noHit
SMc01098,SMc01098,noHit
SMc01394,SMc01394,noHit
SMc01097,SMc01097,noHit
SMc01096,SMc01096,noHit
SMc01095,SMc01095,SM_b21498
SMc01094,SMc01094,noHit
SMc01093,SMc01093,noHit
SMc01092,SMc01092,SM_b20494
SMc01091,SMc01091,noHit
SMc01090,SMc01090,noHit
SMc01089,SMc01089,noHit
SMc01732,SMc01732,noHit
SMc01731,SMc01731,noHit
SMc01730,SMc01730,noHit
SMc01729,SMc01729,noHit
SMc01728,SMc01728,noHit
SMc01727,SMc01727,noHit
SMc01726,SMc01726,noHit
SMc01725,SMc01725,noHit
SMc01724,SMc01724,noHit
SMc01723,SMc01723,SMa1672
SMc01722,SMc01722,noHit
SMc01721,SMc01721,noHit
SMc01720,SMc01720,noHit
SMc04434,SMc04434,noHit
SMc01719,SMc01719,noHit
SMc01718,SMc01718,noHit
SMc01717,SMc01717,noHit
SMc01716,SMc01716,noHit
SMc01715,SMc01715,noHit
SMc01714,SMc01714,SMa0089
SMc01713,SMc01713,noHit
SMc01712,SMc01712,SMa0404
SMc01711,SMc01711,noHit
SMc01710,SMc01710,noHit
SMc01709,SMc01709,noHit
SMc01708,SMc01708,noHit
SMc01707,SMc01707,noHit
SMc01706,SMc01706,noHit
SMc01705,SMc01705,noHit
SMc01704,SMc01704,noHit
SMc01703,SMc01703,noHit
SMc01702,SMc01702,SM_b20648
SMc01701,SMc01701,noHit
SMc02181,SMc02181,noHit
SMc02180,SMc02180,noHit
SMc02179,SMc02179,noHit
SMc02178,SMc02178,noHit
SMc02177,SMc02177,noHit
SMc02176,SMc02176,noHit
SMc02175,SMc02175,noHit
SMc02174,SMc02174,SM_b20597
SMc02173,SMc02173,SM_b21302
SMc02172,SMc02172,SMa2004
SMc02171,SMc02171,noHit
SMc02170,SMc02170,noHit
SMc02169,SMc02169,SM_b20904
SMc02167,SMc02167,noHit
SMc02166,SMc02166,noHit
SMc02165,SMc02165,noHit
SMc02164,SMc02164,noHit
SMc02163,SMc02163,noHit
SMc02162,SMc02162,noHit
SMc02161,SMc02161,SM_b20071
SMc02160,SMc02160,SMa0447
SMc02159,SMc02159,noHit
SMc02158,SMc02158,noHit
SMc02157,SMc02157,noHit
SMc02156,SMc02156,noHit
SMc02187,SMc02187,noHit
SMc02202,SMc02202,noHit
SMc02201,SMc02201,noHit
SMc02189,SMc02189,noHit
SMc02200,SMc02200,noHit
SMc02184,SMc02184,noHit
SMc02199,SMc02199,noHit
SMc02203,SMc02203,noHit
SMc02155,SMc02155,noHit
SMc02154,SMc02154,noHit
SMc04429,SMc04429,noHit
SMc02153,SMc02153,noHit
SMc02152,SMc02152,noHit
SMc02151,SMc02151,noHit
SMc02150,SMc02150,noHit
SMc02149,SMc02149,noHit
SMc02148,SMc02148,SMa0172
SMc02147,SMc02147,noHit
SMc02146,SMc02146,noHit
SMc02145,SMc02145,noHit
SMc02144,SMc02144,noHit
SMc02143,SMc02143,noHit
SMc02142,SMc02142,noHit
SMc02141,SMc02141,noHit
SMc02140,SMc02140,SM_b21561
SMc02139,SMc02139,noHit
SMc02138,SMc02138,SM_b21186
SMc02137,SMc02137,SMa0695
SMc02136,SMc02136,noHit
SMc02135,SMc02135,noHit
SMc02134,SMc02134,noHit
SMc02217,SMc02217,noHit
SMc02218,SMc02218,noHit
SMc02219,SMc02219,noHit
SMc02220,SMc02220,noHit
SMc02221,SMc02221,noHit
SMc02222,SMc02222,noHit
SMc02223,SMc02223,noHit
SMc02224,SMc02224,noHit
SMc02225,SMc02225,SMa1960
SMc02226,SMc02226,noHit
SMc02227,SMc02227,noHit
SMc02228,SMc02228,noHit
SMc02229,SMc02229,noHit
SMc02230,SMc02230,noHit
SMc02231,SMc02231,noHit
SMc02232,SMc02232,noHit
SMc02234,SMc02234,noHit
SMc02235,SMc02235,noHit
SMc02236,SMc02236,noHit
SMc02237,SMc02237,noHit
SMc02238,SMc02238,noHit
SMc02239,SMc02239,SM_b20029
SMc02240,SMc02240,noHit
SMc02241,SMc02241,noHit
SMc02242,SMc02242,noHit
SMc02243,SMc02243,noHit
SMc02244,SMc02244,noHit
SMc02245,SMc02245,noHit
SMc02246,SMc02246,noHit
SMc02247,SMc02247,noHit
SMc02248,SMc02248,SM_b20162
SMc02249,SMc02249,noHit
SMc02250,SMc02250,noHit
SMc02251,SMc02251,noHit
SMc02252,SMc02252,SM_b20942
SMc02253,SMc02253,noHit
SMc02254,SMc02254,noHit
SMc02255,SMc02255,noHit
SMc02256,SMc02256,SM_b21279
SMc02257,SMc02257,noHit
SMc02258,SMc02258,noHit
SMc02259,SMc02259,noHit
SMc02260,SMc02260,noHit
SMc02261,SMc02261,noHit
SMc02262,SMc02262,noHit
SMc02263,SMc02263,noHit
SMc02264,SMc02264,noHit
SMc02265,SMc02265,noHit
SMc02266,SMc02266,noHit
SMc02267,SMc02267,SM_b20994
SMc02268,SMc02268,SM_b20830
SMc02269,SMc02269,noHit
SMc02270,SMc02270,noHit
SMc02271,SMc02271,noHit
SMc02272,SMc02272,noHit
SMc02273,SMc02273,noHit
SMc02274,SMc02274,noHit
SMc02275,SMc02275,noHit
SMc02276,SMc02276,noHit
SMc02277,SMc02277,noHit
SMc02278,SMc02278,noHit
SMc02279,SMc02279,SMa1033
SMc02280,SMc02280,SMa1036
SMc02281,SMc02281,SMa1037
SMc02282,SMc02282,SMa1038
SMc02283,SMc02283,SMa1041
SMc02284,SMc02284,SMa1043
SMc02285,SMc02285,SMa1046
SMc02326,SMc02326,noHit
SMc02327,SMc02327,noHit
SMc02328,SMc02328,noHit
SMc02286,SMc02286,noHit
SMc02287,SMc02287,noHit
SMc02289,noHit,noHit
SMc02291,noHit,noHit
SMc02292,SMc02292,noHit
SMc02295,SMc02295,noHit
SMc02296,SMc02296,noHit
SMc02297,SMc02297,noHit
SMc02298,SMc02298,SM_b20918
SMc02329,SMc02329,noHit
SMc02300,SMc02300,SMa0785
SMc02301,SMc02301,SMa0783
SMc02302,SMc02302,SMa0781
SMc04430,SMc04430,noHit
SMc02303,SMc02303,noHit
SMc02304,SMc02304,noHit
SMc02305,SMc02305,noHit
SMc02306,SMc02306,noHit
SMc02307,SMc02307,SMa0398
SMc02308,SMc02308,noHit
SMc02309,SMc02309,noHit
SMc02310,SMc02310,noHit
SMc02311,SMc02311,noHit
SMc02312,SMc02312,noHit
SMc04431,SMc04431,noHit
SMc04432,SMc04432,noHit
SMc02313,SMc02313,noHit
SMc02314,SMc02314,noHit
SMc02315,SMc02315,noHit
SMc02316,SMc02316,SM_b20910
SMc02317,SMc02317,noHit
SMc02318,SMc02318,noHit
SMc02319,SMc02319,noHit
SMc02320,SMc02320,SMa1766
SMc02321,SMc02321,noHit
SMc02322,SMc02322,noHit
SMc02323,SMc02323,noHit
SMc02324,SMc02324,SM_b21016
SMc02325,SMc02325,SM_b20713
SMc03000,SMc03000,noHit
SMc03001,SMc03001,noHit
SMc03002,SMc03002,SM_b21108
SMc03003,SMc03003,SM_b20489
SMc03004,SMc03004,noHit
SMc03005,SMc03005,noHit
SMc03006,SMc03006,noHit
SMc03007,SMc03007,noHit
SMc03008,SMc03008,noHit
SMc03009,SMc03009,noHit
SMc03010,SMc03010,SMa1561
SMc03011,SMc03011,noHit
SMc03012,SMc03012,noHit
SMc03013,SMc03013,noHit
SMc03014,SMc03014,noHit
SMc03015,SMc03015,noHit
SMc03016,SMc03016,noHit
SMc03017,SMc03017,noHit
SMc03018,SMc03018,noHit
SMc03019,SMc03019,noHit
SMc03020,SMc03020,noHit
SMc03021,SMc03021,noHit
SMc03022,SMc03022,noHit
SMc03023,SMc03023,noHit
SMc03024,SMc03024,noHit
SMc03025,SMc03025,noHit
SMc03026,SMc03026,noHit
SMc03027,SMc03027,noHit
SMc03028,SMc03028,noHit
SMc03029,SMc03029,noHit
SMc03030,SMc03030,noHit
SMc03031,SMc03031,noHit
SMc03032,SMc03032,noHit
SMc03033,SMc03033,noHit
SMc03034,SMc03034,noHit
SMc03035,SMc03035,noHit
SMc03036,SMc03036,noHit
SMc03037,SMc03037,noHit
SMc03038,SMc03038,noHit
SMc03039,SMc03039,noHit
SMc03040,SMc03040,noHit
SMc03041,SMc03041,noHit
SMc03042,SMc03042,noHit
SMc03043,SMc03043,noHit
SMc03044,SMc03044,noHit
SMc03045,SMc03045,noHit
SMc03046,SMc03046,noHit
SMc03047,SMc03047,noHit
SMc03048,SMc03048,noHit
SMc03049,SMc03049,noHit
SMc03050,SMc03050,noHit
SMc03051,SMc03051,noHit
SMc03052,SMc03052,noHit
SMc03053,SMc03053,noHit
SMc03054,SMc03054,noHit
SMc03055,SMc03055,noHit
SMc03056,SMc03056,noHit
SMc03071,SMc03071,noHit
SMc03072,SMc03072,noHit
SMc03057,SMc03057,noHit
SMc03058,SMc03058,noHit
SMc03059,SMc03059,noHit
SMc03060,SMc03060,SM_b20324
SMc03061,SMc03061,noHit
SMc03062,SMc03062,noHit
SMc03063,SMc03063,noHit
SMc03064,SMc03064,SM_b20099
SMc03065,SMc03065,noHit
SMc03066,SMc03066,noHit
SMc03067,noHit,noHit
SMc03068,SMc03068,noHit
SMc03069,SMc03069,noHit
SMc03070,SMc03070,noHit
SMc00761,SMc00761,noHit
SMc00762,SMc00762,noHit
SMc00763,SMc00763,noHit
SMc00764,SMc00764,noHit
SMc00765,SMc00765,noHit
SMc00766,SMc00766,SMa0985
SMc00767,SMc00767,noHit
SMc00768,SMc00768,noHit
SMc00769,SMc00769,SM_b20754
SMc00770,SMc00770,noHit
SMc00771,SMc00771,SM_b20281
SMc00772,SMc00772,SM_b20283
SMc00773,SMc00773,SMa0802
SMc00838,SMc00838,noHit
SMc00774,SMc00774,noHit
SMc00775,SMc00775,noHit
SMc00776,SMc00776,noHit
SMc00777,SMc00777,noHit
SMc00778,SMc00778,noHit
SMc00779,SMc00779,SM_b20097
SMc00780,SMc00780,SMa1987
SMc00781,SMc00781,noHit
SMc00782,SMc00782,noHit
SMc00783,SMc00783,noHit
SMc00784,SMc00784,noHit
SMc00785,SMc00785,noHit
SMc00786,SMc00786,SM_b20476
SMc00787,SMc00787,SM_b20477
SMc00788,SMc00788,SMa1374
SMc00789,SMc00789,noHit
SMc00790,SMc00790,noHit
SMc00791,SMc00791,noHit
SMc00792,SMc00792,noHit
SMc00793,SMc00793,noHit
SMc00794,SMc00794,noHit
SMc00795,SMc00795,noHit
SMc00796,SMc00796,noHit
SMc00797,SMc00797,noHit
SMc00798,SMc00798,noHit
SMc00799,SMc00799,noHit
SMc00800,SMc00800,noHit
SMc00801,SMc00801,noHit
SMc00802,SMc00802,noHit
SMc00803,SMc00803,noHit
SMc00804,SMc00804,noHit
SMc00805,SMc00805,noHit
SMc00806,SMc00806,noHit
SMc00807,SMc00807,noHit
SMc00808,SMc00808,noHit
SMc00809,SMc00809,noHit
SMc00810,SMc00810,noHit
SMc00811,SMc00811,noHit
SMc00812,SMc00812,SMa1358
SMc00813,SMc00813,noHit
SMc00814,SMc00814,SMa0308
SMc00815,SMc00815,noHit
SMc00816,SMc00816,noHit
SMc00817,SMc00817,noHit
SMc00818,SMc00818,noHit
SMc00819,SMc00819,SM_b20007
SMc00820,SMc00820,SMa1979
SMc00821,SMc00821,noHit
SMc00822,SMc00822,noHit
SMc00823,SMc00823,SMa5007
SMc00824,SMc00824,noHit
SMc00825,SMc00825,noHit
SMc00826,SMc00826,noHit
SMc00827,SMc00827,noHit
SMc00828,SMc00828,noHit
SMc00829,SMc00829,SM_b20375
SMc00830,SMc00830,noHit
SMc00831,SMc00831,SM_b21291
SMc00832,SMc00832,noHit
SMc00833,SMc00833,noHit
SMc00926,SMc00926,noHit
SMc00925,SMc00925,noHit
SMc00924,SMc00924,noHit
SMc00923,SMc00923,noHit
SMc00922,SMc00922,noHit
SMc00921,SMc00921,noHit
SMc00931,SMc00931,noHit
SMc00919,SMc00919,noHit
SMc00918,SMc00918,noHit
SMc00917,SMc00917,noHit
SMc00916,SMc00916,noHit
SMc00915,SMc00915,noHit
SMc00914,SMc00914,noHit
SMc00913,SMc00913,SMa0744
SMc00912,SMc00912,SMa0745
SMc00911,SMc00911,noHit
SMc00910,SMc00910,noHit
SMc00909,SMc00909,noHit
SMc00908,SMc00908,noHit
SMc00907,SMc00907,noHit
SMc00906,SMc00906,SM_b21092
SMc00905,SMc00905,noHit
SMc00904,SMc00904,noHit
SMc00902,SMc00902,noHit
SMc00930,SMc00930,noHit
SMc00900,SMc00900,noHit
SMc00899,SMc00899,noHit
SMc00898,SMc00898,SM_b21555
SMc00897,SMc00897,noHit
SMc00896,SMc00896,noHit
SMc00895,SMc00895,noHit
SMc00894,SMc00894,noHit
SMc00893,SMc00893,noHit
SMc00892,SMc00892,noHit
SMc00934,noHit,noHit
SMc00891,SMc00891,noHit
SMc00933,SMc00933,noHit
SMc00932,SMc00932,noHit
SMc00888,SMc00888,noHit
SMc00887,SMc00887,noHit
SMc00929,SMc00929,SMa0750
SMc00886,SMc00886,noHit
SMc00885,SMc00885,noHit
SMc00884,SMc00884,SM_b20890
SMc00883,SMc00883,noHit
SMc00882,SMc00882,noHit
SMc00881,SMc00881,SMa0705
SMc00880,SMc00880,noHit
SMc00879,SMc00879,noHit
SMc00878,SMc00878,noHit
SMc00877,SMc00877,noHit
SMc00876,SMc00876,noHit
SMc00874,SMc00874,noHit
SMc00873,SMc00873,SMa1798
SMc00928,SMc00928,noHit
SMc00872,SMc00872,noHit
SMc00871,SMc00871,noHit
SMc00870,SMc00870,noHit
SMc00869,SMc00869,noHit
SMc00868,SMc00868,noHit
SMc00867,SMc00867,noHit
SMc00866,SMc00866,noHit
SMc00865,SMc00865,noHit
SMc00864,SMc00864,noHit
SMc00863,SMc00863,noHit
SMc00862,SMc00862,noHit
SMc00861,SMc00861,noHit
SMc00860,SMc00860,noHit
SMc00859,SMc00859,noHit
SMc00858,SMc00858,noHit
SMc00857,SMc00857,noHit
SMc00856,SMc00856,noHit
SMc00855,SMc00855,noHit
SMc00854,SMc00854,noHit
SMc00853,SMc00853,noHit
SMc00852,SMc00852,noHit
SMc00851,SMc00851,noHit
SMc00850,SMc00850,noHit
SMc00849,SMc00849,noHit
SMc00993,SMc00993,noHit
SMc00992,SMc00992,noHit
SMc00991,SMc00991,noHit
SMc00990,SMc00990,noHit
SMc00994,SMc00994,noHit
SMc00989,SMc00989,noHit
SMc00988,SMc00988,noHit
SMc00987,SMc00987,noHit
SMc00986,SMc00986,noHit
SMc00985,SMc00985,SMa0244
SMc00984,SMc00984,noHit
SMc00983,SMc00983,noHit
SMc00982,SMc00982,SMa0751
SMc00981,SMc00981,SMa0752
SMc00980,SMc00980,noHit
SMc00979,SMc00979,noHit
SMc00978,SMc00978,noHit
SMc00977,SMc00977,noHit
SMc00976,SMc00976,noHit
SMc00975,SMc00975,noHit
SMc00974,SMc00974,noHit
SMc00973,SMc00973,noHit
SMc00972,SMc00972,noHit
SMc00971,SMc00971,SMa0352
SMc00970,SMc00970,noHit
SMc00969,SMc00969,noHit
SMc00968,SMc00968,noHit
SMc00967,SMc00967,noHit
SMc00966,SMc00966,noHit
SMc00965,SMc00965,noHit
SMc00964,SMc00964,noHit
SMc00963,SMc00963,noHit
SMc00962,SMc00962,noHit
SMc00961,SMc00961,noHit
SMc00960,SMc00960,noHit
SMc00068,SMc00068,noHit
SMc00001,SMc00001,noHit
SMc00069,SMc00069,noHit
SMc00002,SMc00002,noHit
SMc00003,SMc00003,noHit
SMc00005,SMc00005,noHit
SMc00006,SMc00006,SMa0527
SMc00070,SMc00070,noHit
SMc00007,SMc00007,noHit
SMc00008,SMc00008,noHit
SMc00071,SMc00071,noHit
SMc00009,SMc00009,noHit
SMc00010,SMc00010,SM_b21488
SMc00450,SMc00450,noHit
SMc00130,SMc00130,noHit
SMc00012,SMc00012,noHit
SMc00013,SMc00013,noHit
SMc00014,SMc00014,noHit
SMc00085,SMc00085,noHit
SMc00016,SMc00016,noHit
SMc00017,SMc00017,noHit
SMc00018,SMc00018,noHit
SMc00072,SMc00072,noHit
SMc00073,SMc00073,noHit
SMc00019,SMc00019,noHit
SMc00074,SMc00074,noHit
SMc00075,SMc00075,noHit
SMc00451,SMc00451,noHit
SMc00077,SMc00077,SMa0485
SMc00020,SMc00020,noHit
SMc00078,SMc00078,noHit
SMc00079,SMc00079,noHit
SMc00080,SMc00080,noHit
SMc00021,SMc00021,noHit
SMc00081,SMc00081,noHit
SMc00452,SMc00452,noHit
SMc00022,SMc00022,noHit
SMc00023,SMc00023,noHit
SMc00024,SMc00024,noHit
SMc00025,SMc00025,noHit
SMc00083,SMc00083,noHit
SMc00084,SMc00084,noHit
SMc00026,SMc00026,noHit
SMc00087,SMc00087,noHit
SMc00027,SMc00027,noHit
SMc00028,SMc00028,noHit
SMc00088,SMc00088,noHit
SMc00029,SMc00029,noHit
SMc00089,SMc00089,noHit
SMc00090,SMc00090,SM_b21224
SMc00091,SMc00091,SMa0855
SMc00092,SMc00092,noHit
SMc00030,SMc00030,noHit
SMc00031,SMc00031,noHit
SMc00093,SMc00093,noHit
SMc00094,SMc00094,SMa1731
SMc00127,SMc00127,noHit
SMc00095,SMc00095,SMa1726
SMc00032,SMc00032,noHit
SMc00033,SMc00033,noHit
SMc00034,SMc00034,SMa0041
SMc00096,SMc00096,noHit
SMc00035,SMc00035,noHit
SMc00036,SMc00036,noHit
SMc00037,SMc00037,SM_b20847
SMc00097,SMc00097,SM_b20420
SMc00038,SMc00038,noHit
SMc00039,SMc00039,SM_b21516
SMc00098,SMc00098,noHit
SMc00040,SMc00040,SMa2389
SMc00099,SMc00099,noHit
SMc00100,SMc00100,noHit
SMc00041,SMc00041,noHit
SMc00101,SMc00101,SMa1410
SMc00225,SMc00225,noHit
SMc00103,SMc00103,noHit
SMc00104,SMc00104,noHit
SMc00105,SMc00105,noHit
SMc00042,SMc00042,noHit
SMc00106,SMc00106,noHit
SMc00043,SMc00043,noHit
SMc00107,SMc00107,noHit
SMc00044,SMc00044,noHit
SMc00045,SMc00045,noHit
SMc00086,SMc00086,noHit
SMc00108,SMc00108,noHit
SMc00109,SMc00109,SM_b21579
SMc00047,SMc00047,SMa1952
SMc00110,SMc00110,noHit
SMc00453,SMc00453,noHit
SMc00112,SMc00112,noHit
SMc00454,SMc00454,noHit
SMc00114,SMc00114,noHit
SMc00115,SMc00115,noHit
SMc00048,SMc00048,noHit
SMc00049,SMc00049,noHit
SMc00455,SMc00455,noHit
SMc00116,SMc00116,noHit
SMc00117,SMc00117,SMa1894
SMc00051,SMc00051,noHit
SMc00052,SMc00052,noHit
SMc00053,SMc00053,noHit
SMc00054,SMc00054,noHit
SMc00055,SMc00055,noHit
SMc00056,SMc00056,noHit
SMc00057,SMc00057,noHit
SMc00058,SMc00058,SMa0748
SMc00118,SMc00118,noHit
SMc00456,SMc00456,noHit
SMc00059,SMc00059,noHit
SMc00060,SMc00060,noHit
SMc00061,SMc00061,noHit
SMc00120,SMc00120,noHit
SMc00062,SMc00062,noHit
SMc00063,SMc00063,noHit
SMc00128,SMc00128,noHit
SMc00457,SMc00457,noHit
SMc00122,SMc00122,noHit
SMc00064,SMc00064,noHit
SMc00123,SMc00123,noHit
SMc00065,SMc00065,noHit
SMc00458,SMc00458,SM_b20722
SMc00129,SMc00129,noHit
SMc00067,SMc00067,noHit
SMc02361,SMc02361,noHit
SMc02362,SMc02362,noHit
SMc02363,SMc02363,noHit
SMc02364,SMc02364,noHit
SMc02365,SMc02365,SMa1128
SMc02366,SMc02366,noHit
SMc02367,SMc02367,noHit
SMc02368,SMc02368,noHit
SMc02369,SMc02369,noHit
SMc02370,SMc02370,noHit
SMc02371,SMc02371,noHit
SMc02372,SMc02372,noHit
SMc02373,SMc02373,noHit
SMc02374,SMc02374,noHit
SMc02375,SMc02375,SM_b21448
SMc02376,SMc02376,noHit
SMc02377,SMc02377,noHit
SMc02378,SMc02378,SM_b21572
SMc02379,SMc02379,SMa1467
SMc02380,SMc02380,noHit
SMc02381,SMc02381,SM_b21289
SMc02382,SMc02382,noHit
SMc02383,SMc02383,SM_b20807
SMc02384,SMc02384,noHit
SMc02385,SMc02385,noHit
SMc02386,SMc02386,noHit
SMc02387,SMc02387,noHit
SMc02388,SMc02388,noHit
SMc02389,SMc02389,noHit
SMc02390,SMc02390,noHit
SMc02391,SMc02391,noHit
SMc02392,SMc02392,noHit
SMc02393,SMc02393,noHit
SMc02394,SMc02394,noHit
SMc02461,SMc02461,noHit
SMc02396,SMc02396,noHit
SMc02397,SMc02397,noHit
SMc02398,SMc02291,SM_b20305
SMc02399,SMc02289,SM_b20304
SMc02400,SMc02400,noHit
SMc02401,SMc02401,noHit
SMc02403,SMc02403,noHit
SMc02404,SMc02404,SM_b20299
SMc02405,SMc02405,noHit
SMc02406,SMc02406,noHit
SMc02422,SMc02422,noHit
SMc02407,SMc02407,SMa1264
SMc02408,SMc02408,noHit
SMc02659,SMc02659,noHit
SMc02658,SMc02658,noHit
SMc02657,SMc02657,noHit
SMc02656,SMc02656,noHit
SMc02655,SMc02655,noHit
SMc02654,SMc02654,noHit
SMc02653,SMc02653,noHit
SMc02652,SMc02652,noHit
SMc02651,SMc02651,noHit
SMc02650,SMc02650,noHit
SMc02649,SMc02649,noHit
SMc02648,SMc02648,noHit
SMc02647,SMc02647,SM_b21576
SMc02646,SMc02646,noHit
SMc02645,SMc02645,noHit
SMc02644,SMc02644,noHit
SMc02642,SMc02642,noHit
SMc02641,SMc02641,noHit
SMc02640,SMc02640,noHit
SMc02639,SMc02639,noHit
SMc02638,SMc02638,noHit
SMc02637,SMc02637,noHit
SMc02636,SMc02636,noHit
SMc02635,SMc02635,noHit
SMc02634,SMc02634,noHit
SMc02633,SMc02633,noHit
SMc02632,SMc02632,noHit
SMc02631,SMc02631,noHit
SMc02603,SMc02603,noHit
SMc02601,SMc02601,noHit
SMc02599,SMc02599,noHit
SMc02598,SMc02598,noHit
SMc02597,SMc02597,noHit
SMc02661,SMc02661,noHit
SMc02571,SMc02571,noHit
SMc02660,SMc02660,noHit
SMc02565,SMc02565,noHit
SMc02561,SMc02561,noHit
SMc02559,SMc02559,noHit
SMc02558,SMc02558,noHit
SMc02557,SMc02557,noHit
SMc02556,SMc02556,noHit
SMc02555,SMc02555,noHit
SMc02554,SMc02554,noHit
SMc02553,SMc02553,noHit
SMc02552,SMc02552,noHit
SMc02551,SMc02551,noHit
SMc02550,SMc02550,noHit
SMc02549,SMc02549,noHit
SMc02548,SMc02548,SM_b21378
SMc02547,SMc02547,noHit
SMc02546,SMc02546,noHit
SMc02545,SMc02545,noHit
SMc02544,SMc02544,noHit
SMc02543,SMc02543,noHit
SMc00550,SMc00550,noHit
SMc00551,SMc00551,noHit
SMc00552,SMc00552,noHit
SMc00553,SMc00553,noHit
SMc00554,SMc00554,noHit
SMc00555,SMc00555,noHit
SMc00556,SMc00556,noHit
SMc00557,SMc00557,noHit
SMc00558,SMc00558,noHit
SMc00559,SMc00559,noHit
SMc00560,SMc00560,noHit
SMc00561,SMc00561,noHit
SMc00562,SMc00562,noHit
SMc00563,SMc00563,noHit
SMc00564,SMc00564,noHit
SMc00565,SMc00565,noHit
SMc00566,SMc00566,noHit
SMc00567,SMc00567,noHit
SMc00568,SMc00568,noHit
SMc00569,SMc00569,noHit
SMc00570,SMc00570,noHit
SMc00571,SMc00571,noHit
SMc00572,SMc00572,SMa0854
SMc00573,SMc00573,SM_b22009
SMc00574,SMc00574,SMa0853
SMc00575,SMc00575,noHit
SMc00576,SMc00576,noHit
SMc00577,SMc00577,noHit
SMc00578,SMc00578,noHit
SMc00579,SMc00579,noHit
SMc00580,SMc00580,SM_b20146
SMc00581,SMc00581,noHit
SMc00582,SMc00582,noHit
SMc00583,SMc00583,noHit
SMc00584,SMc00584,noHit
SMc00585,SMc00585,noHit
SMc00586,SMc00586,noHit
SMc00588,SMc00588,noHit
SMc00589,SMc00589,noHit
SMc00590,SMc00590,SMa0036
SMc00591,SMc00591,noHit
SMc00592,SMc00592,noHit
SMc00593,SMc00593,noHit
SMc00594,SMc00594,noHit
SMc00595,SMc00595,noHit
SMc00596,SMc00596,noHit
SMc00597,SMc00597,noHit
SMc00598,SMc00598,noHit
SMc00599,SMc00599,noHit
SMc00600,SMc00600,noHit
SMc00601,SMc00601,noHit
SMc00602,SMc00602,noHit
SMc00603,SMc00603,noHit
SMc00604,SMc00604,noHit
SMc00605,SMc00605,noHit
SMc00606,SMc00606,noHit
SMc00607,SMc00607,noHit
SMc00608,SMc00608,noHit
SMc00609,SMc00609,noHit
SMc00610,SMc00610,noHit
SMc00611,SMc00611,noHit
SMc00612,SMc00612,noHit
SMc00613,SMc00613,noHit
SMc00614,SMc00614,noHit
SMc00615,SMc00615,noHit
SMc00616,SMc00616,noHit
SMc00617,SMc00617,noHit
SMc00618,SMc00618,noHit
SMc00619,SMc00619,noHit
SMc00620,SMc00620,noHit
SMc00621,SMc00621,noHit
SMc00622,SMc00622,noHit
SMc01754,SMc01754,noHit
SMc01755,SMc01755,noHit
SMc01756,SMc01756,noHit
SMc01757,SMc01757,noHit
SMc01758,SMc01758,SM_b21566
SMc01759,SMc01759,noHit
SMc01760,SMc01760,noHit
SMc01761,SMc01761,noHit
SMc01762,SMc01762,noHit
SMc01763,SMc01763,noHit
SMc01764,SMc01764,noHit
SMc01765,SMc01765,noHit
SMc01766,SMc01766,noHit
SMc01767,SMc01767,noHit
SMc01768,SMc01768,SM_b21317
SMc01769,SMc01769,noHit
SMc01770,SMc01770,SMa2135
SMc01771,SMc01771,noHit
SMc01772,SMc01772,noHit
SMc01773,SMc01773,noHit
SMc01774,SMc01774,noHit
SMc01775,SMc01775,noHit
SMc01776,SMc01776,noHit
SMc01777,SMc01777,noHit
SMc01778,SMc01778,noHit
SMc01779,SMc01779,noHit
SMc01780,SMc01780,noHit
SMc01781,SMc01781,noHit
SMc01782,SMc01782,noHit
SMc01783,SMc01783,noHit
SMc01784,SMc01784,noHit
SMc01785,SMc01785,noHit
SMc01786,SMc01786,noHit
SMc01787,SMc01787,noHit
SMc01788,SMc01788,noHit
SMc01789,SMc01789,noHit
SMc01902,SMc01902,noHit
SMc01790,SMc01790,noHit
SMc01791,SMc01791,noHit
SMc01792,SMc01792,noHit
SMc01793,SMc01793,noHit
SMc01794,SMc01794,noHit
SMc01795,SMc01795,noHit
SMc01796,SMc01796,noHit
SMc01797,SMc01797,noHit
SMc01798,SMc01798,SM_b21213
SMc01799,SMc01799,noHit
SMc01800,SMc01800,noHit
SMc01801,SMc01801,noHit
SMc01802,SMc01802,noHit
SMc01803,SMc01803,noHit
SMc01804,SMc01804,noHit
SMc01805,SMc01805,noHit
SMc01806,SMc01806,noHit
SMc01807,SMc01807,noHit
SMc01808,SMc01808,noHit
SMc01809,SMc01809,noHit
SMc01810,SMc01810,SMa1840
SMc04433,SMc04433,noHit
SMc01811,SMc01811,noHit
SMc01812,SMc01812,noHit
SMc01813,SMc01813,SM_b20092
SMc04448,SMc04448,noHit
SMc01903,SMc01903,noHit
SMc01904,SMc01904,noHit
SMc01905,SMc01905,noHit
SMc01906,SMc01906,noHit
SMc01907,SMc01907,noHit
SMc01908,SMc01908,noHit
SMc01909,SMc01909,noHit
SMc01910,SMc01910,noHit
SMc01911,SMc01911,SMa5026
SMc01912,SMc01912,SMa1533
SMc01913,SMc01913,SMa1532
SMc01914,SMc01914,SMa1531
SMc01915,SMc01915,SMa1529
SMc01916,SMc01916,noHit
SMc01917,SMc01917,noHit
SMc01918,SMc01918,SMa1525
SMc01919,SMc01919,noHit
SMc01920,SMc01920,noHit
SMc01921,SMc01921,SMa1516
SMc01922,SMc01922,SMa1519
SMc01923,SMc01923,SMa1545
SMc01924,SMc01924,SMa1544
SMc01925,SMc01925,noHit
SMc01926,SMc01926,SMa1536
SMc01927,SMc01927,SMa1535
SMc01928,SMc01928,noHit
SMc01929,SMc01929,noHit
SMc01930,SMc01930,SM_b21154
SMc01931,SMc01931,noHit
SMc01932,SMc01932,noHit
SMc01933,SMc01933,noHit
SMc01934,SMc01934,noHit
SMc01935,SMc01935,noHit
SMc01376,SMc01376,noHit
SMc01375,SMc01375,noHit
SMc01374,SMc01374,noHit
SMc01373,SMc01373,SMa2355
SMc01372,SMc01372,noHit
SMc01371,SMc01371,SM_b20357
SMc01370,SMc01370,noHit
SMc01369,SMc01369,noHit
SMc01368,SMc01368,noHit
SMc01367,SMc01367,noHit
SMc01366,SMc01366,noHit
SMc01365,SMc01365,noHit
SMc01364,SMc01364,noHit
SMc01363,SMc01363,noHit
SMc01362,SMc01362,noHit
SMc01361,SMc01361,noHit
SMc01360,SMc01360,noHit
SMc01359,SMc01359,noHit
SMc01358,SMc01358,noHit
SMc01357,SMc01357,noHit
SMc01356,SMc01356,noHit
SMc01355,SMc01355,noHit
SMc01354,SMc01354,noHit
SMc01353,SMc01353,noHit
SMc01352,SMc01352,SMa1377
SMc01351,SMc01351,noHit
SMc01350,SMc01350,noHit
SMc01349,SMc01349,noHit
SMc01348,SMc01348,noHit
SMc01347,SMc01347,noHit
SMc01346,SMc01346,noHit
SMc01345,SMc01345,SM_b20756
SMc01344,SMc01344,noHit
SMc01343,SMc01343,noHit
SMc01342,SMc01342,noHit
SMc01341,SMc01341,noHit
SMc01340,SMc01340,noHit
SMc01339,noHit,noHit
SMc01338,noHit,noHit
SMc01337,SMc01337,noHit
SMc01336,SMc01336,noHit
SMc01335,SMc01335,noHit
SMc01334,SMc01334,SMa2294
SMc01333,SMc01333,noHit
SMc01332,SMc01332,noHit
SMc01331,SMc01331,noHit
SMc04435,SMc04435,noHit
SMc01330,SMc01330,noHit
SMc01329,SMc01329,noHit
SMc01328,SMc01328,noHit
SMc01327,SMc01327,noHit
SMc01326,SMc01326,noHit
SMc01325,SMc01325,noHit
SMc01324,SMc01324,noHit
SMc01323,SMc01323,noHit
SMc01322,SMc01322,noHit
SMc01321,SMc01321,noHit
SMc01320,SMc01320,noHit
SMc01319,SMc01319,noHit
SMc01318,SMc01318,noHit
SMc01317,SMc01317,noHit
SMc01316,SMc01316,noHit
SMc01315,SMc01315,noHit
SMc01314,SMc01314,noHit
SMc01313,SMc01313,noHit
SMc01312,SMc01312,noHit
SMc01311,noHit,noHit
SMc01310,SMc01310,noHit
SMc01309,SMc01309,noHit
SMc01308,SMc01308,noHit
SMc01307,SMc01307,noHit
SMc01306,SMc01306,noHit
SMc01305,SMc01305,noHit
SMc01304,SMc01304,noHit
SMc01303,SMc01303,noHit
SMc01302,SMc01302,noHit
SMc01301,SMc01301,noHit
SMc01300,SMc01300,noHit
SMc01299,SMc01299,noHit
SMc01298,SMc01298,noHit
SMc01297,SMc01297,noHit
SMc01296,SMc01296,noHit
SMc01295,SMc01295,noHit
SMc01294,SMc01294,noHit
SMc01293,SMc01293,noHit
SMc01292,SMc01292,noHit
SMc01291,SMc01291,noHit
SMc01290,SMc01290,noHit
SMc01289,SMc01289,noHit
SMc01288,SMc01288,noHit
SMc01287,SMc01287,noHit
SMc01286,SMc01286,noHit
SMc01285,SMc01285,noHit
SMc01283,SMc01283,noHit
SMc01282,SMc01282,noHit
SMc01281,SMc01281,noHit
SMc01280,SMc01280,noHit
SMc01279,SMc01279,noHit
SMc01278,SMc01278,noHit
SMc01277,SMc01277,noHit
SMc01276,SMc01276,noHit
SMc01275,SMc01275,noHit
SMc01274,SMc01274,noHit
SMc01273,SMc01273,SM_b20171
SMc01272,SMc01272,noHit
SMc01271,SMc01271,noHit
SMc01270,SMc01270,SMa2113
SMc01269,SMc01269,noHit
SMc01268,SMc01268,noHit
SMc01267,SMc01267,noHit
SMc01266,SMc01266,noHit
SMc01265,SMc01265,noHit
SMc01264,SMc01264,noHit
SMc01263,SMc01263,noHit
SMc01262,SMc01262,noHit
SMc01261,SMc01261,noHit
SMc01260,SMc01260,noHit
SMc01259,SMc01259,noHit
SMc01258,SMc01258,noHit
SMc01257,SMc01257,noHit
SMc01256,SMc01256,noHit
SMc00995,SMc00995,noHit
SMc01068,SMc01068,noHit
SMc00996,SMc00996,noHit
SMc00997,SMc00997,noHit
SMc00998,SMc00998,noHit
SMc00999,SMc00999,noHit
SMc01000,SMc01000,noHit
SMc01001,SMc01001,noHit
SMc01002,SMc01002,noHit
SMc01003,SMc01003,noHit
SMc01004,SMc01004,noHit
SMc01005,SMc01005,noHit
SMc01006,SMc01006,noHit
SMc01007,SMc01007,noHit
SMc01008,SMc01008,noHit
SMc01009,SMc01009,noHit
SMc01010,SMc01010,noHit
SMc01011,SMc01011,noHit
SMc01012,SMc01012,noHit
SMc01013,SMc01013,noHit
SMc01014,SMc01014,noHit
SMc01015,SMc01015,noHit
SMc01016,SMc01016,noHit
SMc01017,SMc01017,noHit
SMc01018,SMc01018,noHit
SMc01019,SMc01019,noHit
SMc01020,SMc01020,noHit
SMc01021,SMc01021,noHit
SMc01022,SMc01022,noHit
SMc01023,SMc01023,noHit
SMc01024,SMc01024,noHit
SMc01025,SMc01025,noHit
SMc01026,SMc01026,noHit
SMc01027,SMc01027,noHit
SMc01028,SMc01028,noHit
SMc01029,SMc01029,noHit
SMc01030,SMc01030,noHit
SMc01031,SMc01031,noHit
SMc01032,SMc01032,noHit
SMc01033,SMc01033,SMa1993
SMc01034,SMc01034,noHit
SMc01035,SMc01035,noHit
SMc01036,SMc01036,noHit
SMc01037,SMc01037,noHit
SMc04865,SMc04865,noHit
SMc01038,SMc01038,noHit
SMc01039,SMc01039,noHit
SMc01040,SMc01040,noHit
SMc01041,SMc01041,noHit
SMc01042,SMc01042,noHit
SMc01043,SMc01043,noHit
SMc01044,SMc01044,noHit
SMc01045,SMc01045,SM_b20613
SMc01046,SMc01046,noHit
SMc01047,SMc01047,SMa0093
SMc01048,SMc01048,noHit
SMc01049,SMc01049,noHit
SMc01050,noHit,noHit
SMc01051,SMc01051,noHit
SMc01052,SMc01052,noHit
SMc01053,SMc01053,SM_b20987
SMc01054,SMc01054,noHit
SMc02124,SMc02124,noHit
SMc02123,SMc02123,noHit
SMc02122,SMc02122,noHit
SMc04436,SMc04436,noHit
SMc02121,SMc02121,noHit
SMc02120,SMc02120,noHit
SMc02119,SMc02119,noHit
SMc02118,SMc02118,noHit
SMc02117,SMc02117,noHit
SMc02116,SMc02116,noHit
SMc02115,SMc02115,noHit
SMc02114,SMc02114,noHit
SMc02113,SMc02113,noHit
SMc02112,SMc02112,noHit
SMc02111,SMc02111,noHit
SMc02110,SMc02110,noHit
SMc02109,SMc02109,noHit
SMc02108,SMc02108,noHit
SMc02107,SMc02107,noHit
SMc02106,SMc02106,noHit
SMc02105,SMc02105,noHit
SMc02104,SMc02104,noHit
SMc02103,SMc02103,noHit
SMc02102,SMc02102,noHit
SMc02101,SMc02101,noHit
SMc02100,SMc02100,noHit
SMc02099,SMc02099,noHit
SMc02098,SMc02098,noHit
SMc02097,SMc02097,noHit
SMc02096,SMc02096,noHit
SMc02095,SMc02095,noHit
SMc02094,SMc02094,noHit
SMc02093,SMc02093,noHit
SMc02092,SMc02092,noHit
SMc02091,SMc02091,noHit
SMc02090,SMc02090,noHit
SMc02089,SMc02089,noHit
SMc02088,SMc02088,noHit
SMc02087,SMc02087,noHit
SMc02086,SMc02086,noHit
SMc02085,SMc02085,noHit
SMc02084,SMc02084,noHit
SMc02083,SMc02083,noHit
SMc02082,SMc02082,noHit
SMc02081,SMc02081,noHit
SMc02080,SMc02080,noHit
SMc02079,SMc02079,noHit
SMc02078,SMc02078,noHit
SMc02077,SMc02077,noHit
SMc02076,SMc02076,noHit
SMc02075,SMc02075,noHit
SMc02074,SMc02074,noHit
SMc02073,SMc02073,noHit
SMc02072,SMc02072,noHit
SMc02071,SMc02071,noHit
SMc02070,SMc02070,noHit
SMc02069,SMc02069,noHit
SMc02068,SMc02068,noHit
SMc02067,SMc02067,noHit
SMc02066,SMc02066,noHit
SMc02065,SMc02065,noHit
SMc02064,SMc02064,noHit
SMc02063,SMc02063,noHit
SMc02062,SMc02062,noHit
SMc02061,SMc02061,noHit
SMc02060,SMc02060,noHit
SMc02059,SMc02059,noHit
SMc02058,SMc02058,noHit
SMc02057,SMc02057,noHit
SMc02056,SMc02056,noHit
SMc02055,SMc02055,noHit
SMc02054,SMc02054,noHit
SMc02053,SMc02053,noHit
SMc02052,SMc02052,noHit
SMc02051,SMc02051,noHit
SMc02050,SMc02050,noHit
SMc02049,SMc02049,noHit
SMc02048,SMc02048,noHit
SMc02047,SMc02047,noHit
SMc01242,SMc01242,noHit
SMc01241,SMc01241,noHit
SMc01240,SMc01240,noHit
SMc01239,SMc01239,noHit
SMc01238,SMc01238,noHit
SMc01237,SMc01237,noHit
SMc01236,SMc01236,noHit
SMc01235,SMc01235,noHit
SMc01233,SMc01233,noHit
SMc01232,SMc01232,noHit
SMc01231,SMc01231,noHit
SMc01230,SMc01230,noHit
SMc01229,SMc01229,noHit
SMc01228,SMc01228,noHit
SMc01227,SMc01227,SMa1604
SMc01226,SMc01226,noHit
SMc01225,SMc01225,noHit
SMc01224,SMc01224,noHit
SMc01223,SMc01223,noHit
SMc01222,SMc01222,noHit
SMc01221,SMc01221,noHit
SMc01220,SMc01220,noHit
SMc01219,SMc01219,noHit
SMc01218,SMc01218,noHit
SMc01217,SMc01217,noHit
SMc01216,SMc01216,noHit
SMc01215,SMc01215,noHit
SMc01214,SMc01214,SMa1417
SMc01213,SMc01213,noHit
SMc01212,SMc01212,noHit
SMc01211,SMc01211,noHit
SMc01210,SMc01210,noHit
SMc01209,SMc01209,noHit
SMc01700,SMc01700,noHit
SMc01208,SMc01208,noHit
SMc01207,SMc01207,noHit
SMc01206,SMc01206,noHit
SMc01205,SMc01205,noHit
SMc01204,SMc01204,SM_b20214
SMc01203,SMc01203,noHit
SMc01202,SMc01202,noHit
SMc01200,SMc01200,noHit
SMc01698,SMc01698,SMa0339
SMc02814,SMc02814,noHit
SMc01199,SMc01199,noHit
SMc01198,SMc01198,SM_b20702
SMc01197,SMc01197,noHit
SMc01196,SMc01196,noHit
SMc01195,SMc01195,noHit
SMc01194,SMc01194,noHit
SMc01193,SMc01193,noHit
SMc01192,SMc01192,noHit
SMc01191,SMc01191,noHit
SMc01190,SMc01190,noHit
SMc01189,SMc01189,noHit
SMc01188,SMc01188,noHit
SMc01187,SMc01187,noHit
SMc01186,SMc01186,noHit
SMc01185,SMc01185,noHit
SMc01184,SMc01184,noHit
SMc01183,SMc01183,noHit
SMc01182,SMc01182,noHit
SMc01181,SMc01181,noHit
SMc01180,SMc01180,noHit
SMc01179,SMc01179,noHit
SMc01178,SMc01178,noHit
SMc01177,SMc01177,noHit
SMc01176,SMc01176,noHit
SMc01175,SMc01175,noHit
SMc01174,SMc01174,noHit
SMc01173,SMc01173,noHit
SMc01172,SMc01172,noHit
SMc01171,SMc01171,noHit
SMc01170,SMc01170,noHit
SMc01169,SMc01169,noHit
SMc01168,SMc01168,noHit
SMc04449,SMc04449,noHit
SMc00935,SMc00935,noHit
SMc00936,SMc00936,SM_b20432
SMc00937,SMc00937,SMa1691
SMc00938,SMc00938,noHit
SMc00939,SMc00939,noHit
SMc00940,SMc00940,SM_b22008
SMc00941,SMc00941,noHit
SMc00942,SMc00942,SM_b20293
SMc00943,SMc00943,SMa0340
SMc00944,SMc00944,noHit
SMc00945,SMc00945,noHit
SMc00946,SMc00946,noHit
SMc00947,SMc00947,noHit
SMc00948,SMc00948,noHit
SMc00949,SMc00949,noHit
SMc00950,SMc00950,noHit
SMc00951,SMc00951,noHit
SMc00952,SMc00952,noHit
SMc00953,SMc00953,noHit
SMc00954,SMc00954,noHit
SMc00955,SMc00955,SMa0599
SMc00959,SMc00959,noHit
SMc00956,SMc00956,SM_b20689
SMc00958,SMc00958,noHit
SMc04450,SMc04450,noHit
SMc00227,SMc00227,noHit
SMc00228,SMc00228,noHit
SMc00229,SMc00229,noHit
SMc00230,SMc00230,noHit
SMc00231,SMc00231,SMa0878
SMc00232,SMc00232,noHit
SMc00233,SMc00233,SM_b20153
SMc00234,SMc00234,noHit
SMc00235,SMc00235,noHit
SMc00236,SMc00236,noHit
SMc00237,SMc00237,noHit
SMc00238,SMc00238,noHit
SMc00239,SMc00239,noHit
SMc00240,SMc00240,noHit
SMc00241,SMc00241,SM_b21591
SMc00242,SMc00242,SMa1507
SMc00244,SMc00244,SMa1514
SMc00243,SMc00243,SMa1513
SMc00245,SMc00245,SMa1509
SMc00246,SMc00246,SMa2383
SMc00247,SMc00247,noHit
SMc00316,SMc00316,noHit
SMc00317,SMc00317,noHit
SMc00248,SMc00248,noHit
SMc00249,SMc00249,SM_b21695
SMc00250,SMc00250,noHit
SMc00251,SMc00251,noHit
SMc00252,SMc00252,noHit
SMc00253,SMc00253,noHit
SMc00254,SMc00254,SM_b20454
SMc04437,SMc04437,noHit
SMc00255,SMc00255,noHit
SMc00256,SMc00256,noHit
SMc00257,SMc00257,noHit
SMc00258,SMc00258,noHit
SMc00259,SMc00259,noHit
SMc00260,SMc00260,noHit
SMc00261,SMc00261,SMa0150
SMc00262,SMc00262,noHit
SMc00263,SMc00263,noHit
SMc00264,SMc00264,SM_b20511
SMc00265,SMc00265,noHit
SMc00266,SMc00266,noHit
SMc00267,SMc00267,noHit
SMc00268,SMc00268,noHit
SMc00269,SMc00269,noHit
SMc00270,SMc00270,noHit
SMc00271,SMc00271,SM_b21438
SMc00272,SMc00272,noHit
SMc00273,SMc00273,SM_b21351
SMc00274,SMc00274,SM_b20668
SMc00275,SMc00275,noHit
SMc00276,SMc00276,SMa1057
SMc00277,SMc00277,noHit
SMc00278,SMc00278,noHit
SMc00279,SMc00279,noHit
SMc00280,SMc00280,noHit
SMc00281,SMc00281,noHit
SMc00282,SMc00282,SMa1626
SMc00283,SMc00283,SMa1625
SMc00284,SMc00284,SM_b21400
SMc00285,SMc00285,SM_b20060
SMc04866,SMc04866,SMa0210
SMc00286,SMc00286,SM_b20838
SMc00287,SMc00287,noHit
SMc00288,SMc00288,noHit
SMc00289,SMc00289,noHit
SMc00290,SMc00290,noHit
SMc00291,SMc00291,noHit
SMc00292,SMc00292,noHit
SMc00293,SMc00293,noHit
SMc00294,SMc00294,noHit
SMc00295,SMc00295,noHit
SMc00296,SMc00296,noHit
SMc00297,SMc00297,noHit
SMc00298,SMc00298,SM_b21002
SMc00299,SMc00299,noHit
SMc00300,SMc00300,noHit
SMc00301,SMc00301,noHit
SMc00302,SMc00302,SMa1255
SMc00533,SMc00533,noHit
SMc00532,SMc00532,noHit
SMc00531,SMc00531,noHit
SMc00530,SMc00530,noHit
SMc00529,SMc00529,noHit
SMc00528,SMc00528,noHit
SMc00527,SMc00527,noHit
SMc00526,SMc00526,noHit
SMc00525,SMc00525,noHit
SMc00524,SMc00524,noHit
SMc00523,SMc00523,noHit
SMc00540,SMc00540,noHit
SMc00539,SMc00539,noHit
SMc00522,SMc00522,SM_b20880
SMc00521,SMc00521,noHit
SMc00520,SMc00520,noHit
SMc00519,SMc00519,noHit
SMc00518,SMc00518,noHit
SMc00517,SMc00517,noHit
SMc00516,SMc00516,noHit
SMc00515,SMc00515,noHit
SMc00514,SMc00514,noHit
SMc00513,SMc00513,noHit
SMc00512,SMc00512,noHit
SMc00511,SMc00511,SM_b20195
SMc00510,SMc00510,noHit
SMc00509,SMc00509,noHit
SMc00508,SMc00508,noHit
SMc00507,SMc00507,noHit
SMc00506,SMc00506,SMa0620
SMc00505,SMc00505,noHit
SMc00504,SMc00504,noHit
SMc00503,SMc00503,noHit
SMc00502,SMc00502,SM_b20114
SMc00501,SMc00501,noHit
SMc00500,SMc00500,SM_b20027
SMc00499,SMc00499,noHit
SMc00498,SMc00498,noHit
SMc00497,SMc00497,noHit
SMc00496,SMc00496,noHit
SMc00495,SMc00495,noHit
SMc00494,SMc00494,noHit
SMc00493,SMc00493,noHit
SMc00492,SMc00492,noHit
SMc00491,SMc00491,noHit
SMc00490,SMc00490,noHit
SMc00489,SMc00489,noHit
SMc00488,SMc00488,noHit
SMc00487,SMc00487,noHit
SMc00538,SMc00538,noHit
SMc00537,SMc00537,noHit
SMc00536,SMc00536,noHit
SMc00535,SMc00535,noHit
SMc00534,SMc00534,noHit
SMc00486,SMc00486,noHit
SMc00485,SMc00485,noHit
SMc00484,SMc00484,noHit
SMc00483,SMc00483,noHit
SMc00482,SMc00482,noHit
SMc00481,SMc00481,noHit
SMc00480,SMc00480,noHit
SMc00479,SMc00479,SM_b20457
SMc00549,SMc00549,noHit
SMc00478,SMc00478,noHit
SMc00477,SMc00477,SMa0607
SMc00476,SMc00476,noHit
SMc00475,SMc00475,noHit
SMc00760,SMc00760,noHit
SMc00473,SMc00473,noHit
SMc00472,SMc00472,noHit
SMc00471,SMc00471,noHit
SMc00470,SMc00470,noHit
SMc00469,SMc00469,noHit
SMc00468,SMc00468,noHit
SMc00467,SMc00467,noHit
SMc00466,SMc00466,noHit
SMc00548,SMc00548,noHit
SMc00465,SMc00465,noHit
SMc00463,SMc00463,noHit
SMc00462,SMc00462,noHit
SMc00194,SMc00194,noHit
SMc00193,SMc00193,noHit
SMc00192,SMc00192,noHit
SMc00191,SMc00191,noHit
SMc00190,SMc00190,noHit
SMc00189,SMc00189,noHit
SMc00188,SMc00188,noHit
SMc00187,SMc00187,noHit
SMc00186,SMc00186,SM_b20941
SMc00185,SMc00185,noHit
SMc00184,SMc00184,noHit
SMc00183,SMc00183,noHit
SMc00182,SMc00182,noHit
SMc00196,SMc00196,noHit
SMc00181,SMc00181,noHit
SMc00180,SMc00180,noHit
SMc00179,SMc00179,noHit
SMc00178,SMc00178,noHit
SMc00177,SMc00177,noHit
SMc00176,SMc00176,noHit
SMc00175,SMc00175,noHit
SMc00174,SMc00174,noHit
SMc00459,SMc00459,noHit
SMc00172,SMc00172,noHit
SMc00171,SMc00171,noHit
SMc00169,SMc00169,noHit
SMc00170,SMc00170,noHit
SMc00168,SMc00168,noHit
SMc00167,SMc00167,noHit
SMc00166,SMc00166,noHit
SMc00165,SMc00165,noHit
SMc00164,SMc00164,noHit
SMc00163,SMc00163,noHit
SMc00162,SMc00162,noHit
SMc00161,SMc00161,noHit
SMc04438,SMc04438,noHit
SMc00195,SMc00195,noHit
SMc00159,SMc00159,noHit
SMc00158,SMc00158,noHit
SMc00157,SMc00157,noHit
SMc00156,SMc00156,noHit
SMc00155,SMc00155,noHit
SMc00154,SMc00154,noHit
SMc00153,SMc00153,noHit
SMc00152,SMc00152,noHit
SMc00151,SMc00151,noHit
SMc00150,SMc00150,noHit
SMc00149,SMc00149,noHit
SMc00148,SMc00148,noHit
SMc00147,SMc00147,noHit
SMc00146,SMc00146,noHit
SMc00145,SMc00145,noHit
SMc00144,SMc00144,noHit
SMc00197,SMc00197,noHit
SMc00143,SMc00143,noHit
SMc00142,SMc00142,noHit
SMc00141,SMc00141,noHit
SMc00198,SMc00198,noHit
SMc00140,SMc00140,SM_b20706
SMc00139,SMc00139,SMa0493
SMc00138,SMc00138,SMa0492
SMc00137,SMc00137,SM_b21568
SMc00136,SMc00136,noHit
SMc00135,SMc00135,noHit
SMc00134,SMc00134,noHit
SMc00133,SMc00133,noHit
SMc00132,SMc00132,noHit
SMc00131,SMc00131,SM_b20021
SMc04210,SMc04210,noHit
SMc04211,SMc04211,SM_b21662
SMc04212,SMc04212,noHit
SMc04213,SMc04213,noHit
SMc04214,SMc04214,noHit
SMc04215,SMc04215,noHit
SMc04216,SMc04216,noHit
SMc04217,SMc04217,noHit
SMc04218,SMc04218,noHit
SMc04219,SMc04219,SMa0864
SMc04220,SMc04220,SMa1056
SMc04221,SMc04221,noHit
SMc04222,SMc04222,noHit
SMc04223,SMc04223,noHit
SMc04224,SMc04224,noHit
SMc04225,SMc04225,noHit
SMc04226,SMc04226,noHit
SMc04227,SMc04227,noHit
SMc04228,SMc04228,noHit
SMc04229,SMc04229,noHit
SMc04230,SMc04230,noHit
SMc04231,SMc04231,noHit
SMc04232,SMc04232,noHit
SMc04233,SMc04233,noHit
SMc04234,SMc04234,noHit
SMc04235,SMc04235,noHit
SMc04236,SMc04236,noHit
SMc04237,SMc04237,noHit
SMc04238,SMc04238,SM_b21470
SMc04239,SMc04239,noHit
SMc04240,SMc04240,SM_b21112
SMc04241,SMc04241,noHit
SMc04242,SMc04242,noHit
SMc04243,SMc04243,noHit
SMc04244,SMc04244,noHit
SMc04245,SMc04245,noHit
SMc04246,SMc04246,noHit
SMc04247,SMc04247,noHit
SMc04248,SMc04248,noHit
SMc04249,SMc04249,noHit
SMc04250,noHit,noHit
SMc04251,SMc04251,noHit
SMc04252,SMc04252,noHit
SMc04253,SMc04253,noHit
SMc04254,SMc04254,noHit
SMc04255,SMc04255,noHit
SMc04256,SMc04256,noHit
SMc04257,SMc04257,SMa2309
SMc04258,SMc04258,noHit
SMc04259,SMc04259,noHit
SMc04260,SMc04260,noHit
SMc04261,SMc04261,noHit
SMc04262,SMc04262,noHit
SMc04263,SMc04263,SM_b20069
SMc04264,SMc04264,noHit
SMc04265,SMc04265,noHit
SMc04266,SMc04266,noHit
SMc04268,SMc04268,noHit
SMc04270,SMc04270,noHit
SMc04273,SMc04273,noHit
SMc04275,SMc04275,noHit
SMc04277,SMc04277,noHit
SMc04278,SMc04278,noHit
SMc04279,SMc04279,noHit
SMc04281,SMc04281,noHit
SMc04282,SMc04282,noHit
SMc04284,SMc04284,noHit
SMc04285,SMc04285,noHit
SMc04286,SMc04286,noHit
SMc04288,SMc04288,noHit
SMc04290,SMc04290,noHit
SMc04293,SMc04293,SMa0104
SMc04294,SMc04294,noHit
SMc04295,SMc04295,SMa0106
SMc04297,SMc04297,noHit
SMc04301,SMc04301,noHit
SMc04302,SMc04302,noHit
SMc04303,SMc04303,noHit
SMc04304,SMc04304,noHit
SMc04305,SMc04305,noHit
SMc04306,SMc04306,noHit
SMc04307,SMc04307,noHit
SMc04308,SMc04308,noHit
SMc04309,SMc04309,noHit
SMc04310,SMc04310,noHit
SMc04311,SMc04311,noHit
SMc04439,SMc04439,SMa1466
SMc04312,SMc04312,noHit
SMc04313,SMc04313,noHit
SMc04314,SMc04314,noHit
SMc04315,SMc04315,noHit
SMc04325,SMc04325,noHit
SMc04326,SMc04326,noHit
SMc04327,SMc04327,SMa0496
SMc04328,SMc04328,noHit
SMc04329,SMc04329,noHit
SMc04330,SMc04330,SMa1478
SMc04331,SMc04331,noHit
SMc04332,SMc04332,SMc05020
SMc04333,SMc04333,noHit
SMc04334,SMc04334,noHit
SMc04335,SMc04335,noHit
SMc04336,SMc04336,noHit
SMc04337,SMc04337,noHit
SMc04339,SMc04339,noHit
SMc04340,SMc04340,noHit
SMc04342,SMc04342,noHit
SMc04345,SMc04345,noHit
SMc04347,SMc04347,noHit
SMc04451,SMc04451,noHit
SMc04161,SMc04161,noHit
SMc04162,SMc04162,noHit
SMc04163,SMc04163,noHit
SMc04164,SMc04164,noHit
SMc04165,SMc04165,noHit
SMc04166,SMc04166,noHit
SMc04167,SMc04167,noHit
SMc04168,SMc04168,noHit
SMc04169,SMc04169,SMa1476
SMc04170,SMc04170,noHit
SMc04171,SMc04171,SMa2111
SMc04172,SMc04172,noHit
SMc04173,SMc04173,noHit
SMc04174,SMc04174,noHit
SMc04175,SMc04175,noHit
SMc04176,SMc04176,noHit
SMc04177,SMc04177,noHit
SMc04178,SMc04178,noHit
SMc04179,SMc04179,SMa1916
SMc04180,SMc04180,noHit
SMc04181,SMc04181,noHit
SMc04182,SMc04182,SM_b20519
SMc04183,SMc04183,noHit
SMc04185,SMc04185,noHit
SMc04184,SMc04184,noHit
SMc04186,SMc04186,noHit
SMc04187,SMc04187,noHit
SMc04188,SMc04188,noHit
SMc04189,SMc04189,noHit
SMc04190,SMc04190,noHit
SMc04191,SMc04191,noHit
SMc04194,SMc04194,noHit
SMc04195,noHit,noHit
SMc04440,SMc04440,SMa0639
SMc04196,SMc04196,noHit
SMc04197,SMc04197,noHit
SMc04198,SMc04198,noHit
SMc04199,SMc04199,noHit
SMc04200,SMc04200,noHit
SMc04201,SMc04201,noHit
SMc04202,SMc04202,noHit
SMc04203,SMc04203,noHit
SMc04204,SMc04204,noHit
SMc04205,SMc04205,noHit
SMc04206,SMc04206,noHit
SMc04207,SMc04207,SM_b21466
SMc04208,SMc04208,SM_b21465
SMc04209,SMc04209,noHit
SMc04267,SMc04267,noHit
SMc04441,SMc04441,noHit
SMc04269,SMc04269,noHit
SMc04271,SMc04271,noHit
SMc04272,SMc04272,noHit
SMc04274,SMc04274,noHit
SMc04276,SMc04276,noHit
SMc04280,SMc04280,SMa1579
SMc04283,SMc04283,noHit
SMc04287,SMc04287,noHit
SMc04289,SMc04289,noHit
SMc04291,SMc04291,SMa1833
SMc04292,SMc04292,noHit
SMc04296,SMc04296,noHit
SMc04298,SMc04298,noHit
SMc04299,SMc04299,noHit
SMc04300,SMc04300,noHit
SMc04316,SMc04316,SMa0525
SMc04317,SMc04317,SM_b21540
SMc04318,SMc04318,SMa0126
SMc04319,SMc04319,SMa1919
SMc04320,SMc04320,noHit
SMc04321,SMc04321,noHit
SMc04322,SMc04322,noHit
SMc04323,SMc04323,noHit
SMc04324,SMc04324,noHit
SMc04338,SMc04338,noHit
SMc04341,SMc04341,noHit
SMc04343,SMc04343,noHit
SMc04344,SMc04344,noHit
SMc04346,SMc04346,noHit
SMc04348,SMc04348,noHit
SMc04350,SMc04350,noHit
SMc04351,SMc04351,noHit
SMc04352,SMc04352,noHit
SMc04357,SMc04357,noHit
SMc04359,SMc04359,noHit
SMc04360,SMc04360,noHit
SMc04361,SMc04361,noHit
SMc04362,SMc04362,noHit
SMc04363,SMc04363,noHit
SMc04452,SMc04452,noHit
SMc01403,SMc01403,noHit
SMc01404,SMc01404,noHit
SMc01493,SMc01493,noHit
SMc01405,SMc01405,noHit
SMc01488,SMc01488,noHit
SMc01406,SMc01406,SM_b20426
SMc01407,SMc01407,noHit
SMc01408,SMc01408,SM_b22020
SMc01409,SMc01409,noHit
SMc01410,SMc01410,noHit
SMc01489,SMc01489,noHit
SMc01490,SMc01490,noHit
SMc01411,SMc01411,noHit
SMc01412,SMc01412,SM_b21116
SMc01413,SMc01413,noHit
SMc01491,SMc01491,noHit
SMc01492,SMc01492,noHit
SMc01414,SMc01414,noHit
SMc01415,SMc01415,noHit
SMc01416,SMc01416,noHit
SMc01417,SMc01417,noHit
SMc01418,SMc01418,noHit
SMc01419,SMc01419,noHit
SMc01420,SMc01420,noHit
SMc01421,SMc01421,noHit
SMc01422,SMc01422,noHit
SMc01423,SMc01423,noHit
SMc01424,SMc01424,noHit
SMc01425,SMc01425,noHit
SMc01426,SMc01426,noHit
SMc01427,SMc01427,noHit
SMc01428,SMc01428,noHit
SMc01429,SMc01429,noHit
SMc01430,SMc01430,noHit
SMc01431,SMc01431,SM_b20681
SMc01432,SMc01432,noHit
SMc01433,SMc01433,noHit
SMc01434,SMc01434,noHit
SMc01435,SMc01435,noHit
SMc01494,SMc01494,noHit
SMc01437,SMc01437,noHit
SMc01438,SMc01438,noHit
SMc01439,SMc01439,noHit
SMc01440,SMc01440,noHit
SMc01441,SMc01441,noHit
SMc01442,SMc01442,noHit
SMc01443,SMc01443,noHit
SMc01444,SMc01444,noHit
SMc01445,SMc01445,noHit
SMc01446,SMc01446,noHit
SMc01447,SMc01447,noHit
SMc01448,SMc01448,noHit
SMc01449,SMc01449,noHit
SMc01450,SMc01450,noHit
SMc01451,SMc01451,noHit
SMc01452,SMc01452,noHit
SMc01453,noHit,noHit
SMc01454,SMc01454,noHit
SMc01455,SMc01455,noHit
SMc01456,SMc01456,noHit
SMc01457,SMc01457,noHit
SMc01458,SMc01458,noHit
SMc01459,SMc01459,noHit
SMc01460,SMc01460,noHit
SMc01461,SMc01461,SMa2321
SMc01462,SMc01462,noHit
SMc01463,SMc01463,noHit
SMc01464,SMc01464,noHit
SMc01465,SMc01465,noHit
SMc01466,SMc01466,SM_b20421
SMc01467,SMc01467,SMc05008
SMc01468,SMc01468,noHit
SMc01469,SMc01469,noHit
SMc01470,SMc01470,noHit
SMc01471,SMc01471,noHit
SMc01472,SMc01472,noHit
SMc04453,SMc04453,noHit
SMc01885,SMc01885,noHit
SMc01884,SMc01884,noHit
SMc01883,SMc01883,noHit
SMc01882,SMc01882,noHit
SMc01881,SMc01881,noHit
SMc01880,SMc01880,noHit
SMc01879,SMc01879,noHit
SMc01878,SMc01878,noHit
SMc01877,SMc01877,noHit
SMc01876,SMc01876,noHit
SMc01875,SMc01875,noHit
SMc01874,SMc01874,noHit
SMc01873,SMc01873,noHit
SMc01872,SMc01872,noHit
SMc01871,SMc01871,noHit
SMc01870,SMc01870,SMa0627
SMc01869,SMc01869,SM_b21486
SMc01868,SMc01868,noHit
SMc01867,SMc01867,noHit
SMc01866,SMc01866,noHit
SMc01865,SMc01865,noHit
SMc01864,SMc01864,noHit
SMc01863,SMc01863,noHit
SMc01862,SMc01862,noHit
SMc01861,SMc01861,noHit
SMc01860,SMc01860,SMa2295
SMc01859,SMc01859,noHit
SMc01858,SMc01858,noHit
SMc01857,SMc01857,noHit
SMc01856,SMc01856,noHit
SMc01855,SMc01855,noHit
SMc01854,SMc01854,noHit
SMc01853,SMc01853,noHit
SMc01852,SMc01852,noHit
SMc01851,SMc01851,noHit
SMc01850,SMc01850,noHit
SMc01849,SMc01849,noHit
SMc01848,SMc01848,noHit
SMc01847,SMc01847,noHit
SMc01846,SMc01846,SM_b21091
SMc01845,SMc01845,noHit
SMc01844,SMc01844,noHit
SMc01843,SMc01843,noHit
SMc01842,SMc01842,noHit
SMc04454,SMc04454,noHit
SMc02819,SMc02819,noHit
SMc02818,SMc02818,noHit
SMc02817,SMc02817,noHit
SMc04455,SMc04455,SMa2211
SMc01573,SMc01573,noHit
SMc01574,SMc01574,noHit
SMc01575,SMc01575,SM_b21573
SMc01576,SMc01576,noHit
SMc01579,SMc01579,noHit
SMc01582,SMc01582,SMa0263
SMc01588,SMc01588,noHit
SMc01594,SMc01594,noHit
SMc01597,SMc01597,noHit
SMc01600,SMc01600,noHit
SMc01602,SMc01602,noHit
SMc01605,SMc01605,noHit
SMc01606,SMc01606,noHit
SMc01607,SMc01607,noHit
SMc01608,SMc01608,SMa1754
SMc01609,SMc01609,noHit
SMc01610,SMc01610,SMa1749
SMc01611,SMc01611,SMa1747
SMc01612,noHit,noHit
SMc01613,SMc01613,SM_b20371
SMc01614,SMc01614,noHit
SMc01615,SMc01615,noHit
SMc01616,SMc01616,noHit
SMc01617,SMc01617,noHit
SMc01618,SMc01618,noHit
SMc01619,SMc01619,noHit
SMc01620,SMc01620,SM_b20499
SMc01621,SMc01621,SM_b20490
SMc01622,SMc01622,SMa1347
SMc01623,SMc01623,noHit
SMc01624,SMc01624,noHit
SMc01625,SMc01625,noHit
SMc01626,SMc01626,noHit
SMc01627,SMc01627,SMa1339
SMc01628,SMc01628,noHit
SMc01629,SMc01629,SM_b21021
SMc01630,SMc01630,noHit
SMc01631,SMc01631,noHit
SMc01632,SMc01632,noHit
SMc01633,SMc01633,SM_b20382
SMc01634,SMc01634,SM_b20282
SMc01635,SMc01635,noHit
SMc01636,SMc01636,noHit
SMc01637,SMc01637,noHit
SMc01638,SMc01638,noHit
SMc01639,SMc01639,SMa1400
SMc01640,SMc01640,noHit
SMc01641,SMc01641,noHit
SMc01642,SMc01642,SM_b21215
SMc01643,SMc01643,SMa1862
SMc01644,SMc01644,SMa1863
SMc01645,SMc01645,SMa1864
SMc01646,SMc01646,noHit
SMc01647,SMc01647,noHit
SMc01648,SMc01648,noHit
SMc01649,SMc01649,noHit
SMc01650,SMc01650,noHit
SMc01651,SMc01651,SM_b20683
SMc01652,SMc01652,noHit
SMc01653,SMc01653,noHit
SMc01654,SMc01654,noHit
SMc01655,SMc01655,noHit
SMc01656,SMc01656,noHit
SMc01657,SMc01657,noHit
SMc01658,SMc01658,noHit
SMc01659,SMc01659,noHit
SMc01660,SMc01660,noHit
SMc01661,SMc01661,noHit
SMc01662,SMc01662,SM_b21534
SMc01663,SMc01663,SMa1483
SMc01664,SMc01664,SMa1736
SMc01665,SMc01665,noHit
SMc01666,SMc01666,noHit
SMc01667,SMc01667,noHit
SMc01668,SMc01668,noHit
SMc01669,SMc01669,SM_b21633
SMc01670,SMc01670,noHit
SMc01671,SMc01671,noHit
SMc01540,SMc01540,noHit
SMc01541,SMc01541,noHit
SMc01542,SMc01542,noHit
SMc01543,SMc01543,noHit
SMc02813,SMc02813,noHit
SMc01545,SMc01545,SM_b22021
SMc01546,SMc01546,noHit
SMc01547,SMc01547,noHit
SMc01740,SMc01740,noHit
SMc01741,SMc01741,noHit
SMc01742,SMc01742,noHit
SMc01745,SMc01745,noHit
SMc04442,SMc04442,noHit
SMc01548,SMc01548,noHit
SMc01744,SMc01744,noHit
SMc01549,SMc01549,noHit
SMc01749,SMc01749,noHit
SMc01550,SMc01550,SM_b21013
SMc01551,SMc01551,SM_b20843
SMc01552,SMc01552,SM_b20842
SMc01553,SMc01553,SM_b22007
SMc01554,SMc01554,noHit
SMc01555,SMc01555,noHit
SMc01556,SMc01556,noHit
SMc01557,SMc01557,noHit
SMc01558,SMc01558,noHit
SMc01559,SMc01559,noHit
SMc01560,SMc01560,noHit
SMc01561,SMc01561,noHit
SMc01562,SMc01562,noHit
SMc01563,SMc01563,noHit
SMc01564,SMc01564,noHit
SMc01565,SMc01565,SMa0972
SMc01566,SMc01566,noHit
SMc01567,SMc01567,noHit
SMc01568,SMc01568,noHit
SMc01569,SMc01569,noHit
SMc01570,SMc01570,noHit
SMc01571,SMc01571,SM_b20871
SMc01572,SMc01572,noHit
SMc01577,SMc01577,noHit
SMc01578,SMc01578,noHit
SMc01580,SMc01580,noHit
SMc01581,SMc01581,noHit
SMc01583,SMc01583,SM_b20301
SMc01584,SMc01584,noHit
SMc01585,SMc01585,noHit
SMc01586,SMc01586,noHit
SMc01587,SMc01587,noHit
SMc01589,SMc01589,noHit
SMc01590,SMc01590,noHit
SMc01591,SMc01591,noHit
SMc01592,SMc01592,noHit
SMc01593,SMc01593,SM_b20219
SMc01595,SMc01595,noHit
SMc04456,SMc04456,noHit
SMc02677,SMc02677,noHit
SMc02678,SMc02678,noHit
SMc03744,SMc03744,noHit
SMc02681,SMc02681,noHit
SMc02682,SMc02682,noHit
SMc02683,SMc02683,noHit
SMc02684,SMc02684,noHit
SMc02685,SMc02685,noHit
SMc02686,SMc02686,noHit
SMc02687,SMc02687,noHit
SMc02688,SMc02688,noHit
SMc02689,SMc02689,noHit
SMc02690,SMc02690,noHit
SMc02691,SMc02691,noHit
SMc02692,SMc02692,noHit
SMc02693,SMc02693,noHit
SMc02694,SMc02694,noHit
SMc02695,SMc02695,noHit
SMc02696,SMc02696,noHit
SMc02697,SMc02697,noHit
SMc02698,SMc02698,noHit
SMc02699,SMc02699,noHit
SMc02700,SMc02700,noHit
SMc02701,SMc02701,noHit
SMc02702,SMc02702,noHit
SMc02703,SMc02703,noHit
SMc02704,SMc02704,noHit
SMc02705,SMc02705,noHit
SMc02706,SMc02706,noHit
SMc02707,SMc02707,noHit
SMc02708,SMc02708,noHit
SMc02709,SMc02709,noHit
SMc02710,SMc02710,noHit
SMc02711,SMc02711,noHit
SMc02712,SMc02712,noHit
SMc02713,SMc02713,SMa0143
SMc02714,SMc02714,noHit
SMc02715,SMc02715,noHit
SMc02716,SMc02716,noHit
SMc02717,SMc02717,noHit
SMc02718,SMc02718,noHit
SMc02719,SMc02719,noHit
SMc02720,SMc02720,noHit
SMc02721,SMc02721,noHit
SMc02722,SMc02722,noHit
SMc02723,SMc02723,noHit
SMc02724,SMc02724,noHit
SMc02725,SMc02725,noHit
SMc02726,SMc02726,noHit
SMc02727,SMc02727,noHit
SMc02728,SMc02728,noHit
SMc02729,SMc02729,noHit
SMc02730,SMc02730,noHit
SMc02731,noHit,noHit
SMc02732,SMc02732,noHit
SMc02733,SMc02733,noHit
SMc02734,SMc02734,noHit
SMc02735,SMc02735,noHit
SMc02736,SMc02736,noHit
SMc02737,SMc02737,SM_b20410
SMc02738,SMc02738,noHit
SMc02739,SMc02739,noHit
SMc04457,SMc04457,noHit
SMc01535,SMc01535,noHit
SMc01534,SMc01534,SMa1855
SMc01533,SMc01533,SMa1715
SMc01532,SMc01532,SM_b20099
SMc01531,SMc01531,noHit
SMc01530,SMc01530,noHit
SMc01529,SMc01529,noHit
SMc01528,SMc01528,noHit
SMc01527,SMc01527,noHit
SMc01526,SMc01526,noHit
SMc01525,SMc01525,noHit
SMc01524,SMc01524,noHit
SMc01523,SMc01523,noHit
SMc01522,SMc01522,noHit
SMc03949,SMc03949,noHit
SMc01521,SMc01521,SMa0981
SMc01520,SMc01520,noHit
SMc01519,SMc01519,noHit
SMc01748,SMc01748,noHit
SMc01518,SMc01518,noHit
SMc01517,SMc01517,noHit
SMc01516,SMc01516,noHit
SMc01515,SMc01515,noHit
SMc01514,SMc01514,noHit
SMc01747,SMc01747,noHit
SMc01513,SMc01513,noHit
SMc01512,SMc01512,noHit
SMc01511,SMc01511,SMa1745
SMc01510,SMc01510,SMa1741
SMc01509,SMc01509,noHit
SMc01508,SMc01508,noHit
SMc01507,SMc01507,noHit
SMc01506,SMc01506,SM_b21484
SMc01505,SMc01505,noHit
SMc01504,SMc01504,noHit
SMc01503,SMc01503,noHit
SMc01502,SMc01502,noHit
SMc01501,SMc01501,SM_b20749
SMc01500,SMc01500,noHit
SMc01499,SMc01499,noHit
SMc01498,SMc01498,noHit
SMc01497,SMc01497,noHit
SMc01496,SMc01496,noHit
SMc01495,SMc01495,noHit
SMc01814,SMc01814,noHit
SMc01815,SMc01815,noHit
SMc01816,SMc01816,noHit
SMc01817,SMc01817,SMa0039
SMc01818,SMc01818,noHit
SMc01819,SMc01819,noHit
SMc01820,SMc01820,SM_b21435
SMc01821,SMc01821,noHit
SMc01822,SMc01822,noHit
SMc01823,SMc01823,noHit
SMc01824,SMc01824,noHit
SMc01825,SMc01825,noHit
SMc01826,SMc01826,noHit
SMc01827,SMc01827,noHit
SMc01828,SMc01828,noHit
SMc01829,SMc01829,SMa0875
SMc01830,SMc01830,noHit
SMc01831,SMc01831,noHit
SMc01832,SMc01832,noHit
SMc01833,SMc01833,SMa0325
SMc01834,SMc01834,noHit
SMc01995,SMc01995,noHit
SMc01836,SMc01836,SMa2151
SMc01837,SMc01837,noHit
SMc01838,SMc01838,noHit
SMc02046,SMc02046,noHit
SMc01939,SMc01939,noHit
SMc01940,SMc01940,noHit
SMc01941,SMc01941,noHit
SMc01942,SMc01942,noHit
SMc01943,SMc01943,SMa2137
SMc01944,SMc01944,SM_b20054
SMc01945,SMc01945,SMa2020
SMc01946,SMc01946,SMa0576
SMc01947,SMc01947,noHit
SMc01948,SMc01948,noHit
SMc01949,SMc01949,noHit
SMc01950,SMc01950,noHit
SMc01951,SMc01951,noHit
SMc01952,SMc01952,SM_b21225
SMc01953,SMc01953,SMa0114
SMc01954,SMc01954,SM_b21079
SMc01955,SMc01955,noHit
SMc01956,SMc01956,noHit
SMc01957,SMc01957,noHit
SMc01994,SMc01994,SM_b21233
SMc01959,noHit,noHit
SMc01960,SMc01960,noHit
SMc01961,SMc01961,SMa0374
SMc01962,SMc01962,noHit
SMc01963,SMc01963,noHit
SMc01964,SMc01964,noHit
SMc01965,SMc01965,SM_b20363
SMc01966,SMc01966,noHit
SMc01967,SMc01967,noHit
SMc01968,SMc01968,SMa0179
SMc01969,SMc01969,noHit
SMc01970,SMc01970,noHit
SMc01971,SMc01971,noHit
SMc01972,SMc01972,SM_b21529
SMc01973,SMc01973,noHit
SMc01974,SMc01974,SMa0955
SMc01975,SMc01975,noHit
SMc01976,SMc01976,noHit
SMc01977,SMc01977,noHit
SMc01978,SMc01978,SM_b20659
SMc01979,SMc01979,SM_b20327
SMc01980,SMc01980,noHit
SMc01981,SMc01981,SM_b20172
SMc01982,SMc01982,noHit
SMc01983,SMc01983,noHit
SMc01984,SMc01984,noHit
SMc01985,SMc01985,SM_b21489
SMc01986,SMc01986,noHit
SMc01987,SMc01987,noHit
SMc01988,SMc01988,noHit
SMc01989,SMc01989,noHit
SMc01990,SMc01990,noHit
SMc01991,SMc01991,noHit
SMc01992,SMc01992,SMa0512
SMc01993,SMc01993,SM_b20819
SMc02016,SMc02016,SM_b20820
SMc02017,SMc02017,SMa2051
SMc02018,SMc02018,noHit
SMc02019,SMc02019,noHit
SMc02020,SMc02020,noHit
SMc02021,SMc02021,noHit
SMc02022,SMc02022,SMa2049
SMc02023,SMc02023,noHit
SMc02024,SMc02024,noHit
SMc02025,SMc02025,noHit
SMc02026,SMc02026,noHit
SMc02027,SMc02027,noHit
SMc02028,SMc02028,noHit
SMc02029,SMc02029,noHit
SMc02030,SMc02030,noHit
SMc02031,SMc02031,SM_b20352
SMc02032,SMc02032,noHit
SMc02033,SMc02033,noHit
SMc02034,SMc02034,SM_b20692
SMc02035,SMc02035,SMa0265
SMc02036,SMc02036,noHit
SMc02037,SMc02037,SMa0389
SMc02038,SMc02038,noHit
SMc02039,SMc02039,noHit
SMc02040,SMc02040,noHit
SMc02041,SMc02041,noHit
SMc02042,SMc02042,SM_b20857
SMc02043,SMc02043,noHit
SMc02044,SMc02044,noHit
SMc02045,SMc02045,noHit
SMc02332,SMc02332,noHit
SMc02460,SMc02460,SM_b21158
SMc02333,SMc02333,noHit
SMc02334,SMc02334,noHit
SMc02335,SMc02335,noHit
SMc02336,SMc02336,SM_b21348
SMc02452,SMc02452,SM_b20854
SMc02337,SMc02337,SM_b20855
SMc02338,SMc02338,SM_b20856
SMc02339,SMc02339,noHit
SMc02340,SMc02340,SM_b21464
SMc02341,SMc02341,noHit
SMc02342,SMc02342,noHit
SMc02343,SMc02343,noHit
SMc02344,SMc02344,noHit
SMc02345,SMc02345,SM_b20571
SMc02346,SMc02346,SM_b20569
SMc02347,SMc02347,noHit
SMc02349,SMc02349,noHit
SMc02350,SMc02350,SM_b20194
SMc02351,SMc02351,noHit
SMc02352,SMc02352,noHit
SMc02353,SMc02353,noHit
SMc02354,SMc02354,noHit
SMc02355,SMc02355,noHit
SMc02356,SMc02356,noHit
SMc02357,SMc02357,noHit
SMc02358,SMc02358,noHit
SMc02359,SMc02359,noHit
SMc02360,SMc02360,noHit
SMc02412,SMc02412,noHit
SMc02413,SMc02413,SMa2400
SMc02414,SMc02414,noHit
SMc02415,SMc02415,noHit
SMc02416,SMc02416,noHit
SMc02417,SMc02417,noHit
SMc02418,SMc02418,SM_b21038
SMc02419,SMc02419,SM_b21039
SMc02420,SMc02420,SM_b20128
SMc02421,SMc02421,SMa0551
SMc02423,SMc02423,SMa1371
SMc02424,SMc02424,noHit
SMc02425,SMc02425,SMa1654
SMc02426,SMc02426,SMa1653
SMc02427,SMc02427,SMa1652
SMc02428,SMc02428,noHit
SMc02429,SMc02429,SMa1632
SMc02430,SMc02430,SMa0475
SMc02431,SMc02431,noHit
SMc02432,SMc02432,noHit
SMc02433,SMc02433,noHit
SMc02434,SMc02434,noHit
SMc02435,SMc02435,noHit
SMc02436,SMc02436,noHit
SMc02437,SMc02437,noHit
SMc02438,SMc02438,noHit
SMc02439,SMc02439,noHit
SMc02440,SMc02440,noHit
SMc02441,SMc02441,noHit
SMc02442,SMc02442,noHit
SMc02443,SMc02443,noHit
SMc02444,SMc02444,noHit
SMc02445,SMc02445,noHit
SMc02446,SMc02446,noHit
SMc02447,SMc02447,noHit
SMc02448,SMc02448,noHit
SMc02449,SMc02449,noHit
SMc02450,SMc02450,noHit
SMc02451,SMc02451,noHit
SMc04458,SMc04458,noHit
SMc00744,SMc00744,noHit
SMc00743,SMc00743,noHit
SMc00742,SMc00742,noHit
SMc00741,SMc00741,noHit
SMc00740,SMc00740,noHit
SMc00739,SMc00739,noHit
SMc00738,SMc00738,noHit
SMc00737,SMc00737,noHit
SMc00736,SMc00736,noHit
SMc00735,SMc00735,noHit
SMc00734,SMc00734,noHit
SMc00733,SMc00733,SMa0326
SMc00732,SMc00732,noHit
SMc00731,SMc00731,noHit
SMc00730,SMc00730,noHit
SMc00729,SMc00729,SMa1391
SMc00728,SMc00728,SMa1389
SMc00727,SMc00727,noHit
SMc00726,SMc00726,noHit
SMc00725,SMc00725,SM_b21094
SMc00724,SMc00724,noHit
SMc00723,SMc00723,noHit
SMc00722,SMc00722,noHit
SMc00721,noHit,noHit
SMc00720,SMc00720,noHit
SMc00719,SMc00719,noHit
SMc00718,SMc00718,noHit
SMc00717,SMc00717,noHit
SMc00716,SMc00716,noHit
SMc00715,SMc00715,noHit
SMc00714,SMc00714,noHit
SMc00713,SMc00713,noHit
SMc00712,SMc00712,noHit
SMc00711,SMc00711,noHit
SMc00710,SMc00710,SMa0387
SMc00709,SMc00709,noHit
SMc00708,SMc00708,noHit
SMc00707,SMc00707,noHit
SMc00706,SMc00706,noHit
SMc00705,SMc00705,noHit
SMc00704,SMc00704,noHit
SMc00703,SMc00703,noHit
SMc00702,SMc00702,noHit
SMc00701,SMc00701,noHit
SMc00700,SMc00700,noHit
SMc00699,SMc00699,noHit
SMc00698,SMc00698,noHit
SMc00697,SMc00697,noHit
SMc00696,SMc00696,noHit
SMc00695,SMc00695,noHit
SMc00694,SMc00694,noHit
SMc00693,SMc00693,SM_b20121
SMc00692,SMc00692,noHit
SMc00691,SMc00691,noHit
SMc00690,SMc00690,noHit
SMc00689,SMc00689,noHit
SMc00688,SMc00688,noHit
SMc00687,SMc00687,noHit
SMc00686,SMc00686,noHit
SMc00684,SMc00684,noHit
SMc00683,SMc00683,noHit
SMc00682,SMc00682,noHit
SMc00681,SMc00681,SM_b20425
SMc00680,SMc00680,SMa1296
SMc00679,SMc00679,SM_b20344
SMc00678,SMc00678,noHit
SMc00677,SMc00677,SM_b20973
SMc00676,SMc00676,noHit
SMc00675,SMc00675,noHit
SMc00674,SMc00674,SMa0402
SMc00673,SMc00673,noHit
SMc00672,SMc00672,noHit
SMc00671,SMc00671,noHit
SMc00670,SMc00670,noHit
SMc00669,SMc00669,SM_b21165
SMc00668,SMc00668,noHit
SMc00667,SMc00667,noHit
SMc00666,SMc00666,noHit
SMc00665,SMc00665,noHit
SMc00664,SMc00664,noHit
SMc00663,SMc00663,noHit
SMc00662,SMc00662,noHit
SMc00661,SMc00661,noHit
SMc00660,SMc00660,noHit
SMc00659,SMc00659,noHit
SMc00658,SMc00658,noHit
SMc00657,SMc00657,noHit
SMc00656,SMc00656,noHit
SMc00655,SMc00655,noHit
SMc00654,SMc00654,noHit
SMc00653,SMc00653,noHit
SMc00652,SMc00652,noHit
SMc00651,SMc00651,noHit
SMc00650,SMc00650,noHit
SMc00649,SMc00649,noHit
SMc00648,SMc00648,noHit
SMc00647,SMc00647,noHit
SMc00646,SMc00646,noHit
SMc00644,SMc00644,noHit
SMc00643,SMc00643,noHit
SMc00642,SMc00642,noHit
SMc00641,SMc00641,noHit
SMc00640,SMc00640,noHit
SMc00639,SMc00639,noHit
SMc00638,SMc00638,noHit
SMc00637,SMc00637,noHit
SMc04459,SMc04459,noHit
SMc02940,SMc02940,noHit
SMc02941,SMc02941,noHit
SMc02942,SMc02942,noHit
SMc04461,SMc04461,noHit
SMc03956,SMc03956,noHit
SMc03957,SMc03957,noHit
SMc03958,SMc03958,noHit
SMc03959,SMc03959,SM_b20685
SMc03960,SMc03960,noHit
SMc03961,SMc03961,noHit
SMc04081,SMc04081,noHit
SMc03963,SMc03963,noHit
SMc03964,SMc03964,noHit
SMc03965,SMc03965,noHit
SMc03966,SMc03966,noHit
SMc03967,SMc03967,noHit
SMc03968,SMc03968,noHit
SMc03969,SMc03969,noHit
SMc03970,SMc03970,noHit
SMc03971,SMc03971,noHit
SMc03972,SMc03972,SMa1664
SMc03973,SMc03973,noHit
SMc03974,SMc03974,noHit
SMc03975,SMc03975,noHit
SMc03976,SMc03976,noHit
SMc03977,SMc03977,noHit
SMc03978,SMc03978,SM_b20200
SMc03979,SMc03979,noHit
SMc03980,SMc03980,noHit
SMc03981,SMc03981,noHit
SMc03982,noHit,noHit
SMc03983,SMc03983,noHit
SMc03984,SMc03984,noHit
SMc03985,SMc03985,SM_b20539
SMc03986,SMc03986,noHit
SMc03987,SMc03987,noHit
SMc03988,SMc03988,noHit
SMc03989,SMc03989,noHit
SMc03990,SMc03990,noHit
SMc03991,SMc03991,noHit
SMc03992,SMc03992,noHit
SMc03993,SMc03993,noHit
SMc03994,SMc03994,SM_b20150
SMc03995,SMc03995,SMa0013
SMc03996,SMc03996,noHit
SMc03997,SMc03997,noHit
SMc03998,SMc03998,noHit
SMc03999,SMc03999,noHit
SMc04000,SMc04000,noHit
SMc04001,SMc04001,noHit
SMc04002,SMc04002,noHit
SMc04003,SMc04003,noHit
SMc04004,SMc04004,noHit
SMc04005,SMc04005,noHit
SMc04006,SMc04006,noHit
SMc04007,SMc04007,noHit
SMc04008,SMc04008,noHit
SMc04009,SMc04009,noHit
SMc04010,SMc04010,noHit
SMc04011,SMc04011,noHit
SMc04012,SMc04012,noHit
SMc04013,SMc04013,noHit
SMc04014,SMc04014,noHit
SMc04015,SMc04015,noHit
SMc04016,SMc04016,noHit
SMc04017,SMc04017,noHit
SMc04018,SMc04018,noHit
SMc04019,SMc04019,noHit
SMc04020,SMc04020,SM_b20989
SMc04021,SMc04021,noHit
SMc04022,SMc04022,noHit
SMc04023,SMc04023,SM_b20960
SMc04024,SMc04024,noHit
SMc04025,SMc04025,noHit
SMc04026,SMc04026,noHit
SMc04028,SMc04028,noHit
SMc04029,SMc04029,noHit
SMc04030,SMc04030,noHit
SMc04031,SMc04031,noHit
SMc04032,SMc04032,noHit
SMc04033,SMc04033,noHit
SMc04034,SMc04034,noHit
SMc04035,SMc04035,noHit
SMc04036,SMc04036,noHit
SMc04037,SMc04037,noHit
SMc04038,noHit,noHit
SMc04039,SMc04039,noHit
SMc04040,SMc04040,SM_b21295
SMc04041,SMc04041,noHit
SMc04042,SMc04042,SMa0483
SMc04043,SMc04043,noHit
SMc04044,SMc04044,noHit
SMc04045,SMc04045,noHit
SMc04046,SMc04046,SM_b20606
SMc04047,SMc04047,SMa1243
SMc04048,SMc04048,noHit
SMc04049,SMc04049,SMa2103
SMc04050,SMc04050,noHit
SMc04051,SMc04051,noHit
SMc04052,SMc04052,noHit
SMc04053,SMc04053,noHit
SMc04054,SMc04054,noHit
SMc04055,SMc04055,noHit
SMc04056,SMc04056,SMa2077
SMc04057,SMc04057,noHit
SMc04058,SMc04058,noHit
SMc04059,SMc04059,noHit
SMc04460,SMc04460,noHit
SMc03922,SMc03922,noHit
SMc03923,SMc03923,noHit
SMc03924,SMc03924,SM_b20704
SMc03925,SMc03925,noHit
SMc03926,SMc03926,SM_b21446
SMc03927,SMc03927,SMa0874
SMc03928,SMc03928,noHit
SMc03929,SMc03929,noHit
SMc03930,SMc03930,noHit
SMc03931,SMc03931,noHit
SMc03932,SMc03932,noHit
SMc03933,SMc03933,noHit
SMc03934,SMc03934,noHit
SMc03935,SMc03935,noHit
SMc03936,SMc03936,SM_b21642
SMc03937,SMc03937,SM_b20707
SMc03938,SMc03938,noHit
SMc03939,SMc03939,noHit
SMc03950,SMc03950,noHit
SMc03941,SMc03941,noHit
SMc03942,SMc03942,noHit
SMc03943,SMc03943,noHit
SMc04462,SMc04462,SMa0085
SMc02975,SMc02975,noHit
SMc02976,SMc02976,noHit
SMc02977,SMc02977,noHit
SMc02978,SMc02978,SM_b20133
SMc02979,SMc02979,noHit
SMc02980,SMc02980,noHit
SMc02981,SMc02981,noHit
SMc02982,SMc02982,noHit
SMc02983,SMc02983,noHit
SMc02984,SMc02984,noHit
SMc02985,SMc02985,noHit
SMc02986,SMc02986,noHit
SMc02987,SMc02987,noHit
SMc02988,SMc02988,noHit
SMc02989,SMc02989,noHit
SMc03151,SMc03151,noHit
SMc03152,SMc03152,noHit
SMc03153,SMc03153,noHit
SMc03154,SMc03154,noHit
SMc03155,SMc03155,noHit
SMc03156,SMc03156,noHit
SMc03157,SMc03157,noHit
SMc03158,SMc03158,noHit
SMc03159,SMc03159,noHit
SMc03160,SMc03160,noHit
SMc03161,SMc03161,noHit
SMc03162,SMc03162,noHit
SMc03163,SMc03163,noHit
SMc03164,SMc03164,noHit
SMc03165,SMc03165,SM_b20817
SMc03166,SMc03166,noHit
SMc03167,SMc03167,noHit
SMc03168,SMc03168,SM_b20699
SMc03169,SMc03169,noHit
SMc03170,SMc03170,noHit
SMc03171,SMc03171,noHit
SMc03172,SMc03172,noHit
SMc03173,SMc03173,noHit
SMc03174,SMc03174,noHit
SMc03175,SMc03175,noHit
SMc03176,SMc03176,noHit
SMc03177,SMc03177,noHit
SMc03178,SMc03178,noHit
SMc03179,SMc03179,noHit
SMc03180,SMc03180,noHit
SMc03181,SMc03181,noHit
SMc03182,SMc03182,noHit
SMc03183,SMc03183,noHit
SMc03184,SMc03184,noHit
SMc03185,SMc03185,noHit
SMc03186,SMc03186,noHit
SMc03187,SMc03187,noHit
SMc03188,SMc03188,noHit
SMc03189,SMc03189,noHit
SMc03190,SMc03190,noHit
SMc03191,SMc03191,noHit
SMc03192,SMc03192,noHit
SMc03193,SMc03193,noHit
SMc03194,SMc03194,noHit
SMc03195,SMc03195,noHit
SMc03196,SMc03196,noHit
SMc03197,SMc03197,SM_b21132
SMc03198,SMc03198,noHit
SMc03199,SMc03199,noHit
SMc03200,SMc03200,SMa1869
SMc03201,SMc03201,noHit
SMc03202,SMc03202,noHit
SMc03203,SMc03203,noHit
SMc03204,SMc03204,noHit
SMc03205,SMc03205,noHit
SMc03206,SMc03206,noHit
SMc03207,SMc03207,noHit
SMc03208,SMc03208,noHit
SMc03209,SMc03209,noHit
SMc03210,SMc03210,noHit
SMc03211,SMc03211,noHit
SMc03150,SMc03150,noHit
SMc03149,SMc03149,noHit
SMc03148,SMc03148,noHit
SMc03147,SMc03147,noHit
SMc03146,SMc03146,noHit
SMc03145,SMc03145,noHit
SMc03144,SMc03144,noHit
SMc03143,SMc03143,noHit
SMc03142,SMc03142,noHit
SMc03141,SMc03141,noHit
SMc03140,SMc03140,noHit
SMc03139,SMc03139,noHit
SMc03138,SMc03138,noHit
SMc03137,SMc03137,noHit
SMc03136,SMc03136,noHit
SMc03135,SMc03135,SMa0083
SMc03134,SMc03134,noHit
SMc03133,SMc03133,SMa2197
SMc03132,SMc03132,noHit
SMc03131,SMc03131,noHit
SMc03130,SMc03130,noHit
SMc03129,SMc03129,noHit
SMc03128,SMc03128,noHit
SMc03127,SMc03127,SMa1437
SMc03126,SMc03126,SMa2079
SMc03125,SMc03125,SMa2081
SMc03124,SMc03124,noHit
SMc03123,SMc03123,noHit
SMc03122,SMc03122,noHit
SMc03121,SMc03121,noHit
SMc03120,SMc03120,SM_b20785
SMc03119,SMc03119,SM_b20784
SMc03118,SMc03118,noHit
SMc03117,SMc03117,SM_b20786
SMc03116,SMc03116,SM_b20496
SMc03115,noHit,noHit
SMc03114,noHit,noHit
SMc03113,SMc03113,noHit
SMc03112,SMc03112,noHit
SMc03111,SMc03111,noHit
SMc03110,SMc03110,noHit
SMc03109,SMc03109,noHit
SMc03108,SMc03108,SM_b21229
SMc03107,SMc03107,noHit
SMc03106,SMc03106,noHit
SMc03105,SMc03105,noHit
SMc03104,SMc03104,noHit
SMc03103,SMc03103,noHit
SMc03102,SMc03102,SM_b20132
SMc03101,SMc03101,SM_b21337
SMc03100,SMc03100,noHit
SMc03099,SMc03099,noHit
SMc03098,SMc03098,noHit
SMc03097,SMc03097,noHit
SMc03096,SMc03096,noHit
SMc03095,SMc03095,noHit
SMc03094,SMc03094,noHit
SMc03093,SMc03093,noHit
SMc03092,SMc03092,SM_b21493
SMc03091,SMc03091,noHit
SMc03090,SMc03090,noHit
SMc03089,noHit,noHit
SMc03088,noHit,noHit
SMc03087,SMc03087,noHit
SMc03086,SMc03086,noHit
SMc03085,SMc03085,noHit
SMc04444,SMc04444,noHit
SMc02525,SMc02525,noHit
SMc02524,SMc02524,noHit
SMc02523,SMc02523,noHit
SMc02522,SMc02522,noHit
SMc02521,SMc02521,SM_b21533
SMc02520,SMc02520,noHit
SMc02519,SMc02519,noHit
SMc02518,SMc02518,noHit
SMc02517,SMc02517,noHit
SMc02516,SMc02516,noHit
SMc02515,SMc02515,noHit
SMc02514,SMc02514,noHit
SMc02513,SMc02513,noHit
SMc02512,SMc02512,SM_b20134
SMc02511,SMc02511,noHit
SMc02510,SMc02510,noHit
SMc02509,SMc02509,noHit
SMc02508,SMc02508,noHit
SMc02507,SMc02507,noHit
SMc02506,SMc02506,noHit
SMc02505,SMc02505,noHit
SMc02504,SMc02504,noHit
SMc02503,SMc02503,noHit
SMc02502,SMc02502,noHit
SMc02501,SMc02501,noHit
SMc02500,SMc02500,noHit
SMc02499,SMc02499,noHit
SMc02498,SMc02498,noHit
SMc02497,SMc02497,noHit
SMc02496,SMc02496,noHit
SMc02495,SMc02495,noHit
SMc02494,SMc02494,noHit
SMc02493,SMc02493,noHit
SMc02492,SMc02492,noHit
SMc02491,SMc02491,noHit
SMc02490,SMc02490,noHit
SMc02489,SMc02489,noHit
SMc02488,SMc02488,noHit
SMc02487,SMc02487,SM_b21143
SMc02486,SMc02486,SM_b20493
SMc02485,SMc02485,noHit
SMc02484,SMc02484,noHit
SMc02483,SMc02483,SM_b20019
SMc02482,SMc02482,noHit
SMc02481,SMc02481,noHit
SMc02480,SMc02480,noHit
SMc02479,SMc02479,noHit
SMc02478,SMc02478,noHit
SMc02477,SMc02477,noHit
SMc02476,SMc02476,noHit
SMc02475,SMc02475,noHit
SMc02474,SMc02474,SM_b20661
SMc02473,SMc02473,noHit
SMc02472,SMc02472,SM_b20633
SMc02471,SMc02471,noHit
SMc02470,SMc02470,noHit
SMc02469,SMc02469,noHit
SMc02468,SMc02468,noHit
SMc02467,SMc02467,noHit
SMc02466,SMc02466,noHit
SMc02465,SMc02465,noHit
SMc02464,SMc02464,noHit
SMc02463,SMc02463,noHit
SMc03225,SMc03225,noHit
SMc03226,SMc03226,noHit
SMc03227,SMc03227,noHit
SMc03228,SMc03228,noHit
SMc03229,SMc03229,noHit
SMc03230,SMc03230,noHit
SMc03231,SMc03231,noHit
SMc03232,SMc03232,noHit
SMc03233,SMc03233,noHit
SMc03234,SMc03234,noHit
SMc03235,SMc03235,noHit
SMc03236,SMc03236,noHit
SMc03237,SMc03237,noHit
SMc03238,SMc03238,noHit
SMc03239,SMc03239,noHit
SMc03240,SMc03240,noHit
SMc03241,SMc03241,noHit
SMc03242,SMc03242,noHit
SMc03243,SMc03243,noHit
SMc03244,SMc03244,noHit
SMc03245,SMc03245,noHit
SMc03746,SMc03746,noHit
SMc03747,SMc03747,noHit
SMc03748,SMc03748,noHit
SMc03312,SMc03312,noHit
SMc03313,noHit,noHit
SMc03246,SMc03246,noHit
SMc03247,SMc03247,SMa2175
SMc03248,SMc03248,noHit
SMc03249,SMc03249,noHit
SMc03751,SMc03751,noHit
SMc03250,SMc03250,noHit
SMc03251,SMc03251,noHit
SMc03252,SMc03252,noHit
SMc03253,SMc03253,noHit
SMc03254,SMc03254,SMa1226
SMc03256,SMc03256,noHit
SMc03257,SMc03257,noHit
SMc03258,SMc03258,SM_b20323
SMc03259,SMc03259,noHit
SMc03260,noHit,noHit
SMc03262,SMc03262,noHit
SMc03263,SMc03263,noHit
SMc03264,SMc03264,noHit
SMc03265,SMc03265,SM_b20267
SMc03267,SMc03267,SM_b20384
SMc03268,SMc03268,SM_b20111
